id,document_id,session_id,chunk_index,text
126,3,d7f03a24-a627-4fc5-abbb-bd7ac66c876e,0,"World War II
From top to bottom, left to right:
German Stuka dive bombers on the Eastern Front,
1943 · British Matilda II tanks during the North African
campaign, 1941 · US atomic bombing of Nagasaki in
Japan, 1945 · Soviet troops at the Battle of Stalingrad,
1943 · Soviet soldier raising a flag over the Reichstag
after the Battle of Berlin, 1945 · US warships in
Lingayen Gulf in the Philippines, 1945
Date 1 September 1939 – 2 September 1945[a]
(6 years, 1 day)
LocationGlobal
Result Allied victory
Belligerents
Allies Axis
Commanders and leaders
Main Allied leaders:
 Joseph Stalin
 Franklin D. Roosevelt
 Winston Churchill
 Chiang Kai-shekMain Axis leaders:
 Adolf Hitler
 Hirohito
 Benito MussoliniWorld War II
Casualties and losses
60–75 million deaths (military and civilian)
World War II,[b] or the Second World War (1 September 1939 – 2 September 1945), was a global
conflict  between two coalitions : the Allies  and the Axis powers . Nearly all of the world's countries"
127,3,d7f03a24-a627-4fc5-abbb-bd7ac66c876e,1,"conflict  between two coalitions : the Allies  and the Axis powers . Nearly all of the world's countries
participated, with many engaging in total war on an unprecedented scale. World War II was the deadliest
conflict  in history , causing the deaths of 60 to 75 million people , a majority of whom were civilians.
Millions died as a result of massacres, starvation, disease, and genocides  including the Holocaust . After
the Allied victory , Germany , Austria , Japan , and Korea  were occupied, and German  and Japanese  leaders
were tried for war crimes .
The causes of World War II included unresolved tensions in the aftermath of World War I and the rise of
fascism in Europe  and militarism in Japan . Key events preceding the war included Japan's invasion of
Manchuria  in 1931, the Spanish Civil War, the outbreak of the Second Sino-Japanese War in 1937, and
Germany's annexations of Austria  and the Sudetenland . World War II is generally considered to have"
128,3,d7f03a24-a627-4fc5-abbb-bd7ac66c876e,2,"Germany's annexations of Austria  and the Sudetenland . World War II is generally considered to have
begun on 1 September 1939, when Nazi Germany , under Adolf Hitler , invaded Poland , after which the
United Kingdom  and France declared war on Germany . Poland was also invaded by the Soviet Union  in
mid-September , and was partitioned between the two states under the Molotov–Ribbentrop Pact. In 1940,
the Soviet Union annexed the Baltic states  and parts of Finland  and Romania , while Germany conquered
Norway , Denmark , Belgium , Luxembour g, and the Netherlands . After the fall of France  in June 1940, the
war continued, mainly between Germany , now assisted by Fascist Italy, and the British Empire  and
British Commonwealth , with fighting in the Balkans , Mediterranean, Middle East, East Africa , the aerial
Battle of Britain , the Blitz , and the naval Battle of the Atlantic . By mid-1941, Yugoslavia  and Greece  had"
129,3,d7f03a24-a627-4fc5-abbb-bd7ac66c876e,3,"Battle of Britain , the Blitz , and the naval Battle of the Atlantic . By mid-1941, Yugoslavia  and Greece  had
also been defeated by Axis  countries. In June 1941, Germany invaded the Soviet Union , opening the
Eastern Front .
In December 1941, Japan attacked American and British territories in Asia and the Pacific , including
Pearl Harbor in Hawaii , leading the United States to enter the war against the Axis. Japan conquered
much of coastal China and Southeast Asia, but its advances in the Pacific were halted in June 1942 at the
Battle of Midway . In early 1943, Axis forces were defeated in North Africa  and at Stalingrad  in the Soviet
Union. An Allied invasion of Italy in July resulted in the fall of its fascist regime , and Allied offensives in
the Pacific and the Soviet Union forced the Axis to retreat on all fronts. In 1944, the Western Allies
invaded France at Normandy , opening a new front , and the Soviet Union advanced into Central Europe."
130,3,d7f03a24-a627-4fc5-abbb-bd7ac66c876e,4,"invaded France at Normandy , opening a new front , and the Soviet Union advanced into Central Europe.
Japan also suffered major setbacks, including the crippling of its navy by the United States, the loss of
key Western Pacific islands, and defeats in Burma . The war in Europe concluded with the liberation of
German-occupied territories  and an invasion of Germany itself, which culminated in the fall of Berlin  and
Germany's unconditional surrender  on 8 May 1945 . On 6 and 9 August, the US dropped atomic bombs  on
Hiroshima and Nagasaki, followed by a Soviet invasion of Japanese-occupied Manchuria . Japan
announced its unconditional surrender  on 15 August and signed a surrender document  on 2 September
1945 .
World War II transformed the political, economic, and social structures of the world and established the
foundation of international relations for the rest of the 20th century and into the 21st century . The United"
131,3,d7f03a24-a627-4fc5-abbb-bd7ac66c876e,5,"foundation of international relations for the rest of the 20th century and into the 21st century . The United
Nations was created to foster internatio nal cooperation and prevent future conflicts, with the victorious
great powers—China, France, the Soviet Union, the United Kingdom, and the United States—becoming
the permanent members  of its Security Council . The Soviet Union and the United States emer ged as rival
The League of Nations assembly, held
in Geneva, Switzerland (1930)superpowers, setting the stage for the Cold War. In the wake of Europe's devastation, the influence of its
great powers waned, triggering the decolonisation of Africa  and of Asia. Many countries whose industries
had been damaged moved towards economic recovery and expansion .
Most historians agree that World War II began with the German invasion of Poland  on 1 September 1939
and the British  and French  declarations of war on Germany two days later.[1] Dates for the beginning of"
132,3,d7f03a24-a627-4fc5-abbb-bd7ac66c876e,6,"and the British  and French  declarations of war on Germany two days later.[1] Dates for the beginning of
the Pacific War include the start of the Second Sino-Japanese War on 7 July 1937, or the earlier Japanese
invasion of Manchuria  on 18 September 1931.[2][3][4][5] Other proposed starting dates include the Italian
invasion of Abyssinia  on 3 October 1935.[6] The British historian Antony Beevor  views the beginning of
World War II as the Battles of Khalkhin Gol fought between Japan  and the forces of Mongolia and the
Soviet Union  from May to September 1939.[7] Others view the Spanish Civil War as the start of or
prelude to World War II.[8][9]
The date of the war's end is also not universally agreed upon. It was generally accepted at the time that
the war ended with the armistice  of 15 August 1945 (V-J Day), rather than with the formal surrender of
Japan  on 2 September 1945, which officially ended the war in Asia. A peace treaty between Japan and the"
133,3,d7f03a24-a627-4fc5-abbb-bd7ac66c876e,7,"Japan  on 2 September 1945, which officially ended the war in Asia. A peace treaty between Japan and the
Allies  was signed in 1951.[10] A 1990 treaty regarding Germany's future  allowed the reunification of East
and West Germany  to take place.[11] No formal peace treaty between Japan and the Soviet Union was
ever signed, although the state of war between the two countries was terminated by the Soviet–Japanese
Joint Declaration of 1956 , which also restored full diplomatic relations between them.[12][13]
World War I radically altered the European political map. The most prominent nations of the Central
Powers  each lost territory in their respective peace treaties at the conclusion of the conflict. New nation-
states  were created out of the dissolution of the Austro-Hungarian , Ottoman , and Russian Empires .[14]Start and end dates
Backgr ound
Aftermath of World War I"
134,3,d7f03a24-a627-4fc5-abbb-bd7ac66c876e,8,"Adolf Hitler at a German
Nazi political rally in
Nuremberg, August 1933To prevent a future world war, the League of Nations  was established in 1920 by the Paris Peace
Conference . The organisation's primary function was to prevent armed conflict through collective
security , military , and naval disarmament , as well as settling international disputes through peaceful
negotiations and arbitration.[15]
Despite strong pacifist sentiment after World War I, irredentist  and revanchist  nationalism  had emer ged in
several European states.[16] These sentiments were especially pronounced in Germany due to the
significant territorial, colonial, and financial losses imposed by the Treaty of Versailles . Under the treaty ,
Germany lost around 13 per cent of its home territory and all its overseas possessions , while German
annexation of other states was prohibite d, reparations  were imposed, and limits were placed on the size
and capability of the country's armed forces .[17]"
135,3,d7f03a24-a627-4fc5-abbb-bd7ac66c876e,9,"and capability of the country's armed forces .[17]
The German Empire  was dissolved in the German revolution of 1918–1919 , and a democratic
government, later known as the Weimar Republic , was created. The interwar period  saw strife between
supporters of the new republic and hardline opponents on both the political right and left. Italy, as an
Entente ally, had made some post-war territorial gains; however , Italian national ists were angered that the
promises made  by the United Kingdom and France to secure Italian entrance into the war were not
fulfilled in the peace settlement. From 1922 to 1925, the fascist  movement led by Benito Mussolini  seized
power in Italy with a nationalist, totalitarian , and class collaborationist  agenda that abolished
representative democracy , repressed socialist, left-wing, and liberal forces and pursued an aggressive
expansionist foreign policy aimed at making Italy a world power , promising the creation of a ""New
Roman Empire"".[18]"
136,3,d7f03a24-a627-4fc5-abbb-bd7ac66c876e,10,"expansionist foreign policy aimed at making Italy a world power , promising the creation of a ""New
Roman Empire"".[18]
Adolf Hitler , after an unsuccessful attempt to overthrow the German
government  in 1923, eventually became the chancellor of Germany  in
1933 when President Paul von Hindenbur g and the Reichstag
appointed him. The Nazis soon abolished parliamentary democracy ,
espousing a radical, racially motivated revision of the world order , and
began a massive rearmament campaign .[19] Following Hindenbur g's
death in 1934, Hitler proclaimed himself Führ er of Germany . France,
seeking to secure its alliance with Italy, allowed Italy a free hand in
Ethiopia , which Italy desired as a colonial possession. The situation
was aggravated in early 1935 when the Territory of the Saar Basin  was
legally reunited with Germany , and Hitler repudiated the Treaty of
Versailles , accelerated his rearmament programme, and introduced
conscription .[20]"
137,3,d7f03a24-a627-4fc5-abbb-bd7ac66c876e,11,"Versailles , accelerated his rearmament programme, and introduced
conscription .[20]
The United Kingdom, France and Italy formed the Stresa Front  in April
1935 to contain Germany , a key step towards military globalisation ;
however , that June, the United Kingdo m made an independent naval
agreement  with Germany , easing prior restrictions. The Soviet Union,
concerned by Germany's goals of capturing vast areas of Eastern Europe , drafted a treaty of mutualGermany and Italy
European treaties
Benito Mussolini inspecting troops
during the Italo-Ethiopian War, 1935assistance with France. Before taking effect, though, the Franco-Soviet pact was required to go through
the bureaucracy of the League of Nations, which rendered it essentially toothless.[21] The United States,
concerned with events in Europe and Asia, passed the Neutrality Act in August of the same year .[22]
Hitler defied the Versailles and Locarno Treaties  by remilitarising the Rhineland  in March 1936,"
138,3,d7f03a24-a627-4fc5-abbb-bd7ac66c876e,12,"Hitler defied the Versailles and Locarno Treaties  by remilitarising the Rhineland  in March 1936,
encountering little opposition due to the policy of appeasement .[23] In October 1936, Germany and Italy
formed the Rome–Berlin Axis . A month later, Germany and Japan signed the Anti-Comintern Pact, which
Italy joined the following year .[24]
The Kuomintang  party in China launched a unification campaign  against regional warlords  and nominally
unified China in the mid-1920s, but was soon embroiled in a civil war against its former Chinese
Communist Party  (CCP) allies and new regional warlords .[25] In 1931, an increasingly militaristic  Empire
of Japan , which had long sought influence in China as the first step of what its government saw as the
country's right to rule Asia, staged the Mukden incident  as a pretext to invade Manchuria  and establish
the puppet state  of Manchukuo .[26][27]"
139,3,d7f03a24-a627-4fc5-abbb-bd7ac66c876e,13,"country's right to rule Asia, staged the Mukden incident  as a pretext to invade Manchuria  and establish
the puppet state  of Manchukuo .[26][27]
China appealed to the League of Nations  to stop the Japanese invasion of Manchuria. Japan withdrew
from the League of Nations after being condemned  for its incursion into Manchuria. The two nations then
fought several battles, in Shanghai , Rehe , and Hebei , until the Tanggu Truce was signed in 1933.
Thereafter , Chinese volunteer forces continued the resistance to Japanese aggression in Manchuria , and
Chahar and Suiyuan .[28] After the 1936 Xi'an Incident , the Kuomintang and CCP forces agreed on a
ceasefire to present a united front  to oppose Japan.[29]
The Second Italo-Ethiopian War was a colonial war that
began in October 1935 and ended in May 1936. The war
began with the invasion of the Ethiopian Empire  (also known
as Abyssinia ) by the armed forces of the Kingdom of Italy"
140,3,d7f03a24-a627-4fc5-abbb-bd7ac66c876e,14,"began with the invasion of the Ethiopian Empire  (also known
as Abyssinia ) by the armed forces of the Kingdom of Italy
(Regno d'Italia ), which was launched from Italian Somaliland
and Eritrea .[30] The war resulted in the military occupation  of
Ethiopia and its annexation  into the newly created colony of
Italian East Africa  (Africa Orientale Italiana ); in addition it
exposed the weakness of the League of Nations  as a force to
preserve peace. Both Italy and Ethiopia were member nations,
but the League did little when the former clearly violated
Article X of the League's Covenant .[31] The United Kingdom
and France supported imposing sanctions on Italy for the
invasion, although the sanctions were not fully enforced and failed to end the Italian invasion.[32] Italy
subsequently dropped its objections to Germany's goal of absorbing Austria .[33]Asia
Pre-war  events
Italian invasion of Ethiopia (1935)"
141,3,d7f03a24-a627-4fc5-abbb-bd7ac66c876e,15,"Chinese soldiers battle the Imperial
Japanese Army in Taierzhuang, 1938When civil war broke out in Spain, Hitler and Mussolini lent military support to the Nationalist rebels ,
led by General Francisco Franco . Italy supported the Nationalists to a greater extent than the Nazis:
Mussolini sent more than 70,000 ground troops, 6,000 aviation personnel, and 720 aircraft to Spain.[34]
The Soviet Union supported the existing  government of the Spanish Republic . More than 30,000 foreign
volunteers, known as the International Brigades , also fought against the Nationalists. Both Germany and
the Soviet Union used this proxy war as an opportunity to test in combat their most advanced weapons
and tactics. The Nationalists won the civil war in April 1939; Franco, now dictator , remained officially
neutral during World War II but generally favoured the Axis .[35] His largest collaboration with Germany
was the sending of volunteers  to fight on the Eastern Front .[36]"
142,3,d7f03a24-a627-4fc5-abbb-bd7ac66c876e,16,"was the sending of volunteers  to fight on the Eastern Front .[36]
In July 1937, Japan captured the former Chinese imperial
capital of Peking  after instigating the Marco Polo Bridge
incident , which culminated in the Japanese campaign to
invade all of China following years of tension  and low-level
conflicts .[37] The Soviets quickly signed a non-aggression
pact with China  to lend materiel  support, effectively ending
China's prior cooperation with Germany .[38]
From September to November , the Japanese attacked
Taiyuan , engaged the Kuomintang Army  around Xinkou ,
fought communist forces  in Pingxingguan  and wrestled
control over China's northern railway network.[39][40][41]
Nationalist Generalissimo  Chiang Kai-shek  deployed his best army  to defend Shanghai , but after three
months of heavy fighting, Shanghai fell. The Japanese continued to push Chine se forces back, capturing
the capital Nanking  in December 1937.[42][43][44]"
143,3,d7f03a24-a627-4fc5-abbb-bd7ac66c876e,17,"the capital Nanking  in December 1937.[42][43][44]
In March 1938, Nationalist Chinese forces won their first major victory at Taierzhuang , but ultimately
lost control of the city of Xuzhou  in May.[45] In June 1938, Chinese forces stalled the Japanese advance
by flooding the Yellow River ; buying time for the Chinese to prepare their defences at Wuhan  at heavy
cost to the local civilian population, but the city was taken  by October after heavy fighting along the
Yangtze River .[46]
Japanese military victories did not destroy Chinese resistance; instead, the Chinese government relocated
inland to Chongqing  and continued the war.[47][48] Aiming to break Chinese morale, Japanese aircraft
began striking cities in the Sichuan basin  in a bombing campaign, killing tens of thousands of
civilians.[49][50]
In the mid-to-late 1930s, Japanese forces in Manchukuo  had sporadic border clashes with the Soviet"
144,3,d7f03a24-a627-4fc5-abbb-bd7ac66c876e,18,"civilians.[49][50]
In the mid-to-late 1930s, Japanese forces in Manchukuo  had sporadic border clashes with the Soviet
Union and Mongolia. The Japanese doctrine of Hokushin-ron , which emphasised Japan's expansion
northward, was favoured by the Imper ial Army during this time. This policy would prove difficult to
maintain in light of the Japanese defeat at Khalkin Gol in 1939, the ongoing Second Sino-Japanese War
and ally Nazi Germany pursuing neutra lity with the Soviets.[51] Japan and the Soviet Union eventuallySpanish Civil War (1936–1939)
Japanese invasion of China (1937)
Soviet–Japanese border conflicts
From left to right: Chamberlain,
Daladier, Hitler, Mussolini, and Ciano
pictured just before signing the Munich
Agreement, 29 September 1938signed a Neutrality Pact in April 1941, and Japan adopted the doctrine of Nanshin-ron , promoted by the
Navy , which took its focus southward and eventually led to war with the Unite d States and the Western
Allies.[52][53]"
145,3,d7f03a24-a627-4fc5-abbb-bd7ac66c876e,19,"Navy , which took its focus southward and eventually led to war with the Unite d States and the Western
Allies.[52][53]
In Europe, Germany and Italy were becoming more
aggressive. In March 1938, Germany annexed Austria , again
provoking little response  from other European powers.[54]
Encouraged, Hitler began pressing German claims on the
Sudetenland , an area of Czechoslovakia  with a predominantly
ethnic German  population. Soon the United Kingdom and
France followed the appeasement policy of British Prime
Minister Neville Chamberlain  and conceded this territory to
Germany in the Munich Agreement , which was made against
the wishes of the Czechoslovak government, in exchange for
a promise of no further territorial demands.[55] Soon
afterwards, Germany and Italy forced Czechoslovakia to cede
additional territory  to Hungary , and Poland annexed the
Trans-Olza  region of Czechoslovakia.[56]"
146,3,d7f03a24-a627-4fc5-abbb-bd7ac66c876e,20,"additional territory  to Hungary , and Poland annexed the
Trans-Olza  region of Czechoslovakia.[56]
Although all of Germany's stated demands had been satisfied by the agreem ent, privately Hitler was
furious that British interference had prevented him from seizing all of Czechoslovakia in one operation.
In subsequent speeches Hitler attacked British and Jewish ""war -mongers"" and in January 1939 secretly
ordered a major build-up of the German navy  to challenge British naval supremacy . In March 1939,
Germany invaded the remainder of Czechoslovakia  and subsequently split it into the German Protectorate
of Bohemia and Moravia  and a pro-German client state, the Slovak Republic .[57] Hitler also delivered an
ultimatum to Lithuania  on 20 March 1939, forcing the concession of the Klaipėda Region , formerly the
German Memelland .[58]
Following further demands from Hitler regarding the Free City of Danzig  and the Polish corridor , the"
147,3,d7f03a24-a627-4fc5-abbb-bd7ac66c876e,21,"German Memelland .[58]
Following further demands from Hitler regarding the Free City of Danzig  and the Polish corridor , the
United Kingdom and France guaranteed their support for Polish independence . When Italy conquered
Albania  in April 1939, the same guarantee was extended to the Kingdoms of Romania  and Greece .[59]
Shortly after the Franco -British  pledge to Poland, Germany and Italy formalised their own alliance with
the Pact of Steel .[60] Hitler accused the United Kingdom and Poland of trying to encircle Germany and
renounced the Anglo-German Naval Agreement  and the German–Polish declaration of non-
aggression .[61]
The situation became a crisis in late August as Germany concentrated its forces near the Polish border . On
23 August, the Soviet Union signed a non-aggression pact with Germany , after tripartite negotiations for a
military alliance between France, the United Kingdom, and Soviet Union had stalled.[62][63] This pact had"
148,3,d7f03a24-a627-4fc5-abbb-bd7ac66c876e,22,"military alliance between France, the United Kingdom, and Soviet Union had stalled.[62][63] This pact had
a secret protocol that defined German and Soviet spheres of influence: Lithuania for Germany; Finland,
Estonia, Latvia, and Bessarabia  for the Soviet Union; and Poland to be partitioned between the two
powers.[64] The pact ensured that Germany would not face a war with the Soviet Union when it invaded
Poland. Immediately afterwards, Hitler ordered the attack to proceed on 26 August, but upon hearing that
the United Kingdom had concluded a formal mutual assistance pact with Poland and that Italy would
maintain neutrality , he decided to delay it.[65]European occupations and agreements"
149,3,d7f03a24-a627-4fc5-abbb-bd7ac66c876e,23,"German Foreign Minister
Joachim von Ribbentrop (right)
and the Soviet leader Joseph
Stalin after signing the
Molotov–Ribbentrop Pact, 23
August 1939
A German propaganda photograph
reenacting the removal of the Polish
border crossing in Sopot[68]Germany offered Britain an alliance if Britain helped Germany gain
Danzig, the Polish corridor and its former colonies, but Britain replied
that it would honour its guarantee to Poland.[66] On 29 August, Hitler
demanded that a Polish plenipotentiary  travel to Berlin by the
following day to negotiate a solution to the crisis, but Britain rejected
the timeline as unreasonable. On the night of 30–31 August, the British
ambassador Nevile Henderson  met German Foreign Minister Joachim
von Ribbentrop . Ribbentrop handed him Hitler's demands regarding
Poland then announced that the deadline for Poland's acceptance had
already passed.[67]
On 1 September 1939, Germany invaded Poland  after having staged"
150,3,d7f03a24-a627-4fc5-abbb-bd7ac66c876e,24,"already passed.[67]
On 1 September 1939, Germany invaded Poland  after having staged
several false flag border incidents  as a pretext to initiate the
invasion.[69] The first German attack of the war came against
the Polish defences at Westerplatte .[70] The United Kingdom
responded with an ultimatum  for Germany to cease military
operations, and on 3 September , after the ultimatum was
ignored, Britain and France declared war on Germany .[c]
During the Phoney War period, the alliance provided no direct
military support to Poland, outside of a cautious French probe
into the Saarland .[71] The Western Allies also began a naval
blockade of Germany , which aimed to damage the country's
economy and war effort.[72] Germany responded by ordering
U-boat warfare  against Allied merchant and warships, which
would later escalate into the Battle of the Atlantic .[73] On 8
September , German troops reached the suburbs of Warsaw .
The Polish counter -offensive  to the west halted the German"
151,3,d7f03a24-a627-4fc5-abbb-bd7ac66c876e,25,"September , German troops reached the suburbs of Warsaw .
The Polish counter -offensive  to the west halted the German
advance for several days, but it was outflanked and encircled by the Wehrmacht . Remnants of the Polish
army broke through to besieged Warsaw . On 17 September 1939, two days after signing a cease-fire with
Japan , the Soviet Union invaded Poland[74] under the supposed pretext that the Polish state had ceased to
exist.[75] On 27 September , the Warsaw garrison surrendered to the Germans, and the last large
operational unit of the Polish Army  surrendered on 6 October . Despite the military defeat, Poland never
surrendered; instead, it formed the Polish government-in-exile  and a clandestine state apparatus remained
in occupied Poland.[76] A significant part of Polish military personnel evacuated to Romania  and Latvia;
many of them later fought against the Axis  in other theatres of the war .[77]"
152,3,d7f03a24-a627-4fc5-abbb-bd7ac66c876e,26,"many of them later fought against the Axis  in other theatres of the war .[77]
Germany annexed western Poland  and occupied central Poland ; the Soviet Union annexed eastern
Poland . Small shares of Polish territory were transferred to Lithuania  and Slovakia . On 6 October , Hitler
made a public peace overture to the United Kingdom and France but said that the future of Poland was to
Course of the war
War breaks out in Europe (1939–1940)"
153,3,d7f03a24-a627-4fc5-abbb-bd7ac66c876e,27,"Mannerheim Line and Karelian
Isthmus on the last day of the Winter
War, 13 March 1940be determined exclusively by Germany and the Soviet Union. The proposal was rejected[78] and Hitler
ordered an immediate offensive against France,[79] which was postponed until the spring of 1940 due to
bad weather .[80][81][82]
After the outbreak of war in Poland, Stalin threatened
Estonia, Latvia, and Lithuania with military invasion, forcing
the three Baltic countries  to sign pacts  allowing the creation
of Soviet military bases in these countries; in October 1939,
significant Soviet military conting ents were moved
there.[83][84][85] Finland refused to sign a similar pact and
rejected ceding part of its territory to the Soviet Union. The
Soviet Union invaded Finland  in November 1939,[86] and was
subsequently expelled from the League of Nations  for this
crime of aggression.[87] Despite overwhelming numerical
superiority , Soviet military success during the Winter War"
154,3,d7f03a24-a627-4fc5-abbb-bd7ac66c876e,28,"crime of aggression.[87] Despite overwhelming numerical
superiority , Soviet military success during the Winter War
was modest, and the Finno–Soviet war ended in March 1940
with some Finnish concessions of territory .[88]
In June 1940, the Soviet Union occupied  the entire territories
of Estonia, Latvia, and Lithuania,[84] as well as the Romanian
regions of Bessarabia, Northern Bukovina, and the Hertsa region . In August 1940, Hitler imposed the
Second Vienna Award  on Romania which led to the transfer of Northern Transylvania  to Hungary .[89] In
September 1940, Bulgaria demanded Southern Dobruja  from Romania with German and Italian support,
leading to the Treaty of Craiova .[90] The loss of one-third of Romania's 1939 territory caused a coup
against King Carol II, turning Romania into a fascist dictatorship under Marshal Ion Antonescu , with a
course set towards the Axis in the hopes of a German guarantee.[91] Meanwhile, German–Soviet political"
155,3,d7f03a24-a627-4fc5-abbb-bd7ac66c876e,29,"course set towards the Axis in the hopes of a German guarantee.[91] Meanwhile, German–Soviet political
relations and economic co-operation[92][93] gradually stalled,[94][95] and both states began preparations
for war .[96]
In April 1940, Germany invaded Denmark and Norway  to protect shipments of iron ore from Sweden ,
which the Allies were attempting to cut off.[97] Denmark capitulated after six hours , and despite Allied
support , Norway was conquered within two months.[98] British discontent over the Norwegian campaign
led to the resignation of Prime Minister Neville Chamberlain , who was replaced by Winston Churchill  on
10 May 1940.[99]
On the same day, Germany launched an offensive against France . To circumvent the strong Maginot Line
fortifications on the Franco-German border , Germany directed its attack at the neutral nations of
Belgium , the Netherlands , and Luxembour g.[100] The Germans carried out a flanking manoeuvre through"
156,3,d7f03a24-a627-4fc5-abbb-bd7ac66c876e,30,"Belgium , the Netherlands , and Luxembour g.[100] The Germans carried out a flanking manoeuvre through
the Ardennes  region,[101] which was mistakenly perceived by the Allies as an impenetrable natural barrier
against armoured vehicles.[102][103] By successfully implementing new Blitzkrieg  tactics, the Wehrmacht
rapidly advanced to the Channel and cut off the Allied forces in Belgium, trapp ing the bulk of the Allied
armies in a cauldron on the Franco-Belgian border near Lille. The United Kingdom was able to evacuate
a significant number of Allied troops  from the continent by early June, although they had to abandon
almost all their equipment.[104]
Western Europe (1940–1941)
German advance into Belgium and Northern France,
10 May – 4 June 1940, sweeping past the Maginot Line
(shown in dark red)
London's St Paul's Cathedral after the
German Blitz on 29 December 1940On 10 June, Italy invaded France , declaring
war on both France and the United
Kingdom.[105] The Germans turned south"
157,3,d7f03a24-a627-4fc5-abbb-bd7ac66c876e,31,"German Blitz on 29 December 1940On 10 June, Italy invaded France , declaring
war on both France and the United
Kingdom.[105] The Germans turned south
against the weakened French army , and Paris
fell to them on 14 June. Eight days later
France signed an armistice with Germa ny; it
was divided into German  and Italian
occupation zones ,[106] and an unoccupied
rump state under the Vichy Regime , which,
though officially neutral, was generally
aligned with Germany . France kept its fleet,
which the United Kingdom attacked  on 3 July
in an attempt to prevent its seizure by
Germany .[107]
The air Battle of Britain[108] began in early
July with Luftwaf fe attacks on shipping and
harbours .[109] The German campaign for air
superiority  started in August but its failure to defeat RAF
Fighter Command  forced the indefinite postponement of the
proposed German invasion of Britain . The German strategic
bombing  offensive intensified with night attack s on London"
158,3,d7f03a24-a627-4fc5-abbb-bd7ac66c876e,32,"proposed German invasion of Britain . The German strategic
bombing  offensive intensified with night attack s on London
and other cities in the Blitz , but largely ended in May
1941[110] after failing to significantly disrupt the British war
effort.[109]
Using newly captured French ports, the German Navy
enjoyed success  against an over-extended Royal Navy , using
U-boats  against British shipping in the Atlantic .[111] The
British Home Fleet  scored a significant victory on 27 May
1941 by sinking the German battleship Bismar ck.[112]
In November 1939, the United States was assisting China and the Western Allies, and had amended the
Neutrality Act to allow ""cash and carry "" purchases by the Allies.[113] In 1940, following the German
capture of Paris, the size of the United States Navy  was significantly increased . In September the United
States further agreed to a trade of American destroyers for British bases .[114] Still, a large majority of the"
159,3,d7f03a24-a627-4fc5-abbb-bd7ac66c876e,33,"States further agreed to a trade of American destroyers for British bases .[114] Still, a large majority of the
American public continued to oppose any direct military intervention in the conflict well into 1941.[115]
In December 1940, President Franklin D. Roosevelt  accused Hitler of planning world conquest and ruled
out any negotiations as useless, calling for the United States to become an ""arsenal of democracy "" and
promoting Lend-Lease  programmes of military and humanita rian aid to support the British war effort;
Lend-Lease was later extended to the other Allies, including the Soviet Union after it was invaded  by
Germany .[116] The United States started strategic planning to prepare for a full-scale offensive against
Germany .[117]
At the end of September 1940, the Tripartite Pact formally united Japan, Italy, and Germany as the Axis
powers . The Tripartite Pact stipulated that any country—with the exception of the Soviet Union—that"
160,3,d7f03a24-a627-4fc5-abbb-bd7ac66c876e,34,"powers . The Tripartite Pact stipulated that any country—with the exception of the Soviet Union—that
attacked any Axis Power would be forced to go to war against all three.[118] The Axis expanded in"
161,3,d7f03a24-a627-4fc5-abbb-bd7ac66c876e,35,"German Panzer III of the Afrika Korps
advancing across the North African
desert, April 1941November 1940 when Hungary , Slovakia , and Romania  joined.[119] Romania  and Hungary  later made
major contributions to the Axis war against the Soviet Union, in Romania's case partially to recapture
territory ceded to the Soviet Union .[120]
In early June 1940, the Italian Regia Aeronautica  attacked and besieged Malta , a British possession. From
late summer to early autumn, Italy conquered British Somaliland  and made an incursion into British-held
Egypt . In October , Italy attacked Greece , but the attack was repulsed with heavy Italian casualties; the
campaign ended within months with minor territorial changes.[121] To assist Italy and prevent Britain
from gaining a foothold, Germany prepared to invade the Balkans, which would threaten Romanian oil
fields and strike against British dominance of the Mediterranean.[122]
In December 1940, British Empire forces began counter -"
162,3,d7f03a24-a627-4fc5-abbb-bd7ac66c876e,36,"fields and strike against British dominance of the Mediterranean.[122]
In December 1940, British Empire forces began counter -
offensives against Italian forces in Egypt  and Italian East
Africa .[123] The offensives were successful; by early February
1941, Italy had lost control of eastern Libya, and large
numbers of Italian troops had been taken prisoner . The Italian
Navy  also suffered significant defeats, with the Royal Navy
putting three Italian battleships out of commission after a
carrier attack at Taranto , and neutralising several more
warships at the Battle of Cape Matapan .[124]
Italian defeats prompted Germany to deploy an expeditionary
force  to North Africa; at the end of March 1941, Erwin
Rommel 's Afrika Korps  launched an offensive  which drove back Commonwealth forces.[125] In less than
a month, Axis forces advanced to western Egypt and besieged the port of Tobruk .[126] In November"
163,3,d7f03a24-a627-4fc5-abbb-bd7ac66c876e,37,"a month, Axis forces advanced to western Egypt and besieged the port of Tobruk .[126] In November
Commonwealth forces launched a counter -offensive in North Africa  and reclaimed all the gains the
Germans and Italians had made.[127]
By late March 1941, Bulgaria  and Yugoslavia  signed the Tripartite Pact; however , the Yugoslav
government was overthrown two days later by pro-British nationalists. Germany and Italy responded with
simultaneous invasions of both Yugoslavia  and Greece , commencing on 6 April 1941 with a massive
bombing of Belgrade ; both nations were forced to surrender within the month.[128] The airborne invasion
of the Greek island of Crete  at the end of May completed the German conquest of the Balkans.[129]
Armed resistance soon emer ged in Yugoslavia  and Greece  and continued until the end of the war .[130][131]
In the Middle East in May, Commonwealth forces quashed an uprising in Iraq which had been supported"
164,3,d7f03a24-a627-4fc5-abbb-bd7ac66c876e,38,"In the Middle East in May, Commonwealth forces quashed an uprising in Iraq which had been supported
by German aircraft from bases within Vichy-controlled Syria .[132] Between June and July, British-led
forces invaded the French possessions of Syria and Lebanon , assisted by the Free French .[133]
With the situation in Europe and Asia relatively stable, Germany , Japan, and the Soviet Union made
preparations for war. With the Soviets wary of mounting tensions with Germany , and the Japanese
planning to take advantage of the European War by seizing resource-rich European possessions inMediterranean (1940–1941)
Axis attack on the Soviet Union (1941)
European theatre of World War II animation
map, 1939–1945 – Red: Western Allies and the
Soviet Union after 1941; Green: Soviet Union
before 1941; Blue: Axis powers
Members of the Einsatzgruppen
prepares to shoot a Jewish mother
holding her child, Ivangorod, UkraineSoutheast Asia, the two powers signed the Soviet–"
165,3,d7f03a24-a627-4fc5-abbb-bd7ac66c876e,39,"prepares to shoot a Jewish mother
holding her child, Ivangorod, UkraineSoutheast Asia, the two powers signed the Soviet–
Japanese Neutrality Pact in April 1941.[134] By
contrast, the Germans were steadily making
preparations for an attack on the Soviet Union,
massing forces on the Soviet border .[135]
Hitler believed that the United Kingdo m's refusal to
end the war was based on the hope that the United
States and the Soviet Union would enter the war
against Germany .[136] On 31 July 1940, Hitler
decided that the Soviet Union should be eliminated
and aimed for the conquest of Ukraine , the Baltic
states , and Byelorussia .[137] However , other senior
German officials like Ribbentrop saw an opportunity
to create a Euro-Asian bloc against the British Empire
by inviting the Soviet Union into the Tripartite
Pact.[138] In November 1940, negotiations took place
to determine if the Soviet Union would join the pact.
The Soviets showed some interest but asked for"
166,3,d7f03a24-a627-4fc5-abbb-bd7ac66c876e,40,"to determine if the Soviet Union would join the pact.
The Soviets showed some interest but asked for
concessions from Finland, Bulgaria, Turkey , and
Japan that Germany considered unacceptable. On 18
December 1940, Hitler issued the directive to prepare for an invasion of the Soviet Union.[139] On 22
June 1941, Germany , supported by Italy and Romania, invaded the Soviet Union in Operation
Barbarossa , with Germany accusing the Soviets of plotting against them ; they were joined shortly by
Finland and Hungary .[140] The primary targets of this surprise offensive[141] were the Baltic region ,
Moscow and Ukraine, with the ultimate goal of ending the 1941 campaign near the Arkhangelsk–
Astrakhan line—from the Caspian  to the White Seas. Hitler's objectives were to eliminate the Soviet
Union as a military power , extermina te communism , generate Lebensraum  (""living space"")[142] by
dispossessing the native population ,[143] and guarantee access to the strategic resources needed to defeat"
167,3,d7f03a24-a627-4fc5-abbb-bd7ac66c876e,41,"dispossessing the native population ,[143] and guarantee access to the strategic resources needed to defeat
Germany's remaining rivals.[144]
Although the Red Army  was preparing for strategic counter -
offensives  before the war,[145] Operation Barbarossa forced
the Soviet supreme command  to adopt strategic defence .
During the summer , the Axis made significant gains into
Soviet territory , inflicting immense losses in both personnel
and materiel, mainly in massive encirclements  around Minsk ,
Smolensk , and Uman .
Nazi policy entailed that Wehrmacht subject Soviet POWs to
murderous treatment, executing all Jewish and Communist
POWs immediately per the Commissar Order , and subjecting
the remainder to forced marches to open-air concentration
camps, where they were to be deliberately starved to death .
By the end of the winter of 1941, 2.8 million Soviet POWs had died in German captivity . Some"
168,3,d7f03a24-a627-4fc5-abbb-bd7ac66c876e,42,"By the end of the winter of 1941, 2.8 million Soviet POWs had died in German captivity . Some
3.3 million Soviet POWs would die in German captivity by the war's end in total, a nearly 60% mortality
rate.[146]"
169,3,d7f03a24-a627-4fc5-abbb-bd7ac66c876e,43,"Russian civilians leaving destroyed
houses after a German bombardment
during the siege of Leningrad (Saint
Petersburg), 10 December 1942
Japanese soldiers entering Hong
Kong, 8 December 1941By mid-August, however , the German Army High Command  decided to suspend the offensive  of a
considerably depleted Army Group Centre , and to divert the 2nd Panzer Group  to reinforce troops
advancing towards central Ukraine and Leningrad.[147] The Kiev offensive  was overwhelmingly
successful, resulting in encirclement and elimination of four Soviet armies, and made possible further
advance into Crimea  and industrially-developed eastern Ukraine (the First Battle of Kharkov ).[148]
The diversion of three-quarters of the Axis troops and the majority of their air forces from France and the
central Mediterranean to the Eastern Front[149] prompted the United Kingdom to reconsider its grand
strategy .[150] In July, the UK and the Soviet Union formed a military alliance against Germany[151] and in"
170,3,d7f03a24-a627-4fc5-abbb-bd7ac66c876e,44,"strategy .[150] In July, the UK and the Soviet Union formed a military alliance against Germany[151] and in
August, the United Kingdom and the United States jointly issued the Atlantic Charter , which outlined
British and American goals for the post-war world.[152] In late August the British and Soviets invaded
neutral Iran to secure the Persian Corridor , Iran's oil fields , and preempt any Axis advances through Iran
toward the Baku oil fields or India.[153]
By October , Axis powers had achieved operational objectives
in Ukraine and the Baltic region, with only the sieges of
Leningrad[154] and Sevastopol  continuing.[155] A major
offensive against Moscow  was renewed; after two months of
fierce battles in increasingly harsh weather , the German army
almost reached the outer suburbs of Moscow , where the
exhausted troops[156] were forced to suspend the
offensive.[157] Large territorial gains were made by Axis
forces, but their campaign had failed to achieve its main"
171,3,d7f03a24-a627-4fc5-abbb-bd7ac66c876e,45,"offensive.[157] Large territorial gains were made by Axis
forces, but their campaign had failed to achieve its main
objectives: two key cities remained in Soviet hands, the
Soviet capability to resist  was not broken, and the Soviet
Union retained a considerable part of its military potential.
The blitzkrieg  phase  of the war in Europe had ended.[158]
By early December , freshly mobilised reserves[159] allowed the Soviets to achieve numerical parity with
Axis troops.[160] This, as well as intelligence data which established that a minimal number of Soviet
troops in the East would be sufficient to deter any attack by the Japanese Kwantung Army ,[161] allowed
the Soviets to begin a massive counter -offensive  that started on 5 December all along the front and
pushed German troops 100–250 kilometres (62–155  mi) west.[162]
Following the Japanese false flag Mukden incident  in 1931,
the Japanese shelling of the American gunboat USS Panay  in"
172,3,d7f03a24-a627-4fc5-abbb-bd7ac66c876e,46,"Following the Japanese false flag Mukden incident  in 1931,
the Japanese shelling of the American gunboat USS Panay  in
1937, and the 1937–1938 Nanjing massacre , Japanese-
American relations deteriorated . In 1939, the United States
notified Japan that it would not be extending its trade treaty
and American public opinion opposing Japanese
expansionism led to a series of economic sanctions—the
Export Control Acts—which banned US exports of
chemicals, minerals and military parts to Japan, and increased
economic pressure on the Japanese regime.[116][163][164]
During 1939 Japan launched its first attack against Changsha ,
War breaks out in the Pacific (1941)"
173,3,d7f03a24-a627-4fc5-abbb-bd7ac66c876e,47,"but was repulsed by late September .[165] Despite several offensives  by both sides, by 1940 the war
between China and Japan was at a stalemate. To increase pressure on China by blocking supply routes,
and to better position Japanese forces in the event of a war with the Western powers, Japan invaded and
occupied northern Indochina  in September 1940.[166]
Chinese nationalist forces launched a large-scale counter -offensive  in early 1940. In August, Chinese
communists  launched an offensive in Central China ;[167] in retaliation, Japanese armies in North China
implemented the Three Alls policy , a massive scorched earth initiative to depopulate regions deemed
hostile to Japanese occupation.[168][169] Continued antipathy between Chinese communist and nationalist
forces culminated in armed clashes in January 1941 , effectively ending their co-operation.[170] In March,
the Japanese 11th army attacked the headquarters of the nationalist Chinese 19th army but was repulsed"
174,3,d7f03a24-a627-4fc5-abbb-bd7ac66c876e,48,"the Japanese 11th army attacked the headquarters of the nationalist Chinese 19th army but was repulsed
during the Battle of Shanggao .[171] In September , Japan attempted to take the city of Changsha  again and
clashed with Chinese nationalist forces.[172]
German successes in Europe prompted Japan to increase pressure on European governments in Southeast
Asia. The Dutch government agreed to provide Japan with oil supplies from the Dutch East Indies , but
negotiations for additional access to their resources ended in failure in June 1941.[173] In July 1941 Japan
sent troops to southern Indochina, threa tening British and Dutch possessions in the Far East. The United
States, the United Kingdom, and other Western governments reacted to this move with a freeze on
Japanese assets and a total oil embar go.[174][175] At the same time, Japan was planning an invasion of the
Soviet Far East, intending to take advantage of the German invasion in the west, but abandoned the"
175,3,d7f03a24-a627-4fc5-abbb-bd7ac66c876e,49,"Soviet Far East, intending to take advantage of the German invasion in the west, but abandoned the
operation after the sanctions.[176]
Since early 1941, the United States and Japan had been engaged in negotiations in an attempt to improve
their strained relations and end the war in China. Japan advanced a number of proposals which were
dismissed by the Americans as inadequate.[177] At the same time the United States, the United Kingdom,
and the Netherlands engaged in secret discussions for the joint defence of their territories, in the event of
a Japanese attack against any of them.[178] Roosevelt reinforced the Philippines  (an American
protectorate scheduled for independence in 1946) and warned Japan that the United States would react to
Japanese attacks against any ""neighboring countries"".[178]
Frustrated at the lack of progress and pressured by American–British–Dutch sanctions, especially in oil,"
176,3,d7f03a24-a627-4fc5-abbb-bd7ac66c876e,50,"Frustrated at the lack of progress and pressured by American–British–Dutch sanctions, especially in oil,
Japan prepared for war. Emperor Hirohito , after initial hesitation about Japan's chances of victory ,[179]
began to favour Japan's entry into the war.[180] As a result, Prime Minister Fumimaro Konoe
resigned.[181][182] Hirohito refused the recommendation to appoint Prince Naruhiko Higashikuni  in his
place, choosing War Minister Hideki Tojo instead.[183] On 3 November , Osami Nagano  explained in
detail the plan of the attack on Pearl Harbor  to the Emperor .[184] On 5 November , Hirohito approved in
imperial conference the operations plan for the war.[185] On 20 November , the new government presented
an interim proposal as its final offer. It called for the end of American aid to China and for lifting the
embar go on the supply of oil and other resources to Japan. In exchange, Japan promised not to launch any"
177,3,d7f03a24-a627-4fc5-abbb-bd7ac66c876e,51,"embar go on the supply of oil and other resources to Japan. In exchange, Japan promised not to launch any
attacks in Southeast Asia and to withdraw its forces from southern Indochina.[177] The American counter -
proposal of 26 November required that Japan evacuate all of China without conditions and conclude non-
aggression pacts with all Pacific powers.[186] That meant Japan was essentially forced to choose between
abandoning its ambitions in China, or seizing the natural resources it needed in the Dutch East Indies by
force;[187][188] the Japanese military did not consider the former an option, and many officers considered
the oil embar go an unspoken declaration of war .[189]
The USS Arizona was a total loss in
the Japanese surprise air attack on the
United States Pacific Fleet at Pearl
Harbor, Sunday 7 December 1941Japan planned to seize European colonies in Asia to create a
large defensive perimeter stretching into the Central Pacific."
178,3,d7f03a24-a627-4fc5-abbb-bd7ac66c876e,52,"large defensive perimeter stretching into the Central Pacific.
The Japanese would then be free to exploit the resources of
Southeast Asia while exhausting the over-stretched Allies by
fighting a defensive war.[190] To prevent American
intervention while securing the perimeter , it was further
planned to neutralise the United States Pacific Fleet  and the
American military presence in the Philippines from the
outset.[191] On 7 December 1941 (8 December in Asian time
zones), Japan attacked British and American holdings with
near-simultaneous offensives against Southeast Asia and the
Central Pacific .[192] These included an attack on the
American fleets at Pearl Harbor  and the Philippines , as well
as invasions of Guam , Wake Island , Malaya ,[192] Thailand ,
and Hong Kong .[193]
These attacks led the United States , United Kingdom , China, Australia, and several other states to
formally declare war on Japan, whereas the Soviet Union, being heavily involved in large-scale hostilities"
179,3,d7f03a24-a627-4fc5-abbb-bd7ac66c876e,53,"formally declare war on Japan, whereas the Soviet Union, being heavily involved in large-scale hostilities
with European Axis countries, maintained its neutrality agreement with Japan.[194] Germany , followed by
the other Axis states, declared war on the United States[195] in solidarity with Japan, citing as justification
the American attacks on German war vessels that had been ordered by Roosevelt.[140][196]
On 1 January 1942, the Allied Big Four[197]—the Soviet Union, China, the United Kingdom, and the
United States—and 22 smaller or exiled governments issued the Declaration by United Nations , thereby
affirming the Atlantic Charter[198] and agreeing not to sign a separate peace  with the Axis powers.[199]
During 1942, Allied officials debated on the appropriate grand strategy  to pursue. All agreed that
defeating Germany  was the primary objective. The Americans favoured a straightforward, large-scale"
180,3,d7f03a24-a627-4fc5-abbb-bd7ac66c876e,54,"defeating Germany  was the primary objective. The Americans favoured a straightforward, large-scale
attack  on Germany through France. The Soviets demanded a second front. The British argued that
military operations should target peripheral areas to wear out German streng th, leading to increasing
demoralisation, and bolstering resistance forces ; Germany itself would be subject to a heavy bombing
campaign. An offensive against Germany would then be launched primarily by Allied armour , without
using large-scale armies.[200] Eventually , the British persuaded the Americans that a landing in France
was infeasible in 1942 and they should instead focus on driving the Axis out of North Africa.[201]
At the Casablanca Conference  in early 1943, the Allies reiterated the statements issued in the 1942
Declaration and demanded the unconditional surrender  of their enemies. The British and Americans"
181,3,d7f03a24-a627-4fc5-abbb-bd7ac66c876e,55,"Declaration and demanded the unconditional surrender  of their enemies. The British and Americans
agreed to continue to press the initiative in the Mediterranean by invading Sicily to fully secure the
Mediterranean supply routes.[202] Although the British argued for further operations in the Balkans to
bring Turkey into the war, in May 1943, the Americans extracted a British commitment to limit Allied
operations in the Mediterranean to an invasion of the Italian mainland, and to invade France in 1944.[203]
Axis advance stalls (1942–1943)
Map of Japanese military advances through mid-1942
Japanese torpedo bombers fly past
the USS Yorktown during the Battle of
Midway, 4 June 1942Japanese forces achieved naval victories in the
South China Sea, Java Sea, and Indian
Ocean ,[204] and bombed the Allied naval base
at Darwin , Australia. On 16 April, 7,000
British soldiers were encircled by the
Japanese 33rd Division during the Battle of
Yenangyaung  in Burma and rescued by the"
182,3,d7f03a24-a627-4fc5-abbb-bd7ac66c876e,56,"British soldiers were encircled by the
Japanese 33rd Division during the Battle of
Yenangyaung  in Burma and rescued by the
Chinese 38th Division.[205] Despite stubborn
resistance by Filipino and US force s, the
Philippine Commonwealth  was eventually
captured in May, forcing its government into
exile. Following the capture of Bataan,
Japanese armies forced some 75,000 Filipino
and American prisoners on a 42km death
march , resulting in thousands of deaths.[206]
By the end of April, Japan and its ally Thailand  had conquered Malaya , the Dutch East Indies , Singapore ,
Rabaul , and most of Burma , inflicting severe losses on Allied troops and taking a large number of
prisoners. Japanese advances were accompanied by numerous atrocities, including the Sook Ching
massacre  in Singapore.[207] The only Allied success against Japan was a Chinese victory at
Changsha .[208] The Japanese victories left it overconfident and overextended.[209]"
183,3,d7f03a24-a627-4fc5-abbb-bd7ac66c876e,57,"Changsha .[208] The Japanese victories left it overconfident and overextended.[209]
In early May 1942, Japan initiated operations to capture Port
Moresby  by amphibious assault  and thus sever
communications and supply lines between the United States
and Australia. The planned invasion was thwarted when an
Allied task force, centred on two American fleet carriers,
fought Japanese naval forces to a draw in the Battle of the
Coral Sea.[210] Japan's next plan, motivated by the earlier
Doolittle Raid , was to seize Midway Atoll  and lure American
carriers into battle to be eliminated; as a diversion, Japan
would also send forces to occupy the Aleutian Islands  in
Alaska.[211] In mid-May , Japan started the Zhejiang-Jiangxi
campaign  in China, with the goal of inflicting retribution on
the Chinese who aided the surviving American airmen in the
Doolittle Raid by destroying Chinese air bases and fighting"
184,3,d7f03a24-a627-4fc5-abbb-bd7ac66c876e,58,"the Chinese who aided the surviving American airmen in the
Doolittle Raid by destroying Chinese air bases and fighting
against the Chinese 23rd and 32nd Army Groups.[212][213] In early June, Japan put its operations into
action, but the Americans had broken Japanese naval codes  in late May and were fully aware of the plans
and order of battle, and used this knowledge to achieve a decisive victory at Midway  over the Imperial
Japanese Navy .[214]
With its capacity for aggressive action greatly diminished as a result of the Midway battle, Japan
attempted to capture Port Moresby  by an overland campaign  in the Territory of Papua .[215] The
Americans planned a counterattack against Japanese positions in the southern Solomon Islands, primarily
Guadalcanal , as a first step towards capturing Rabaul , the main Japanese base in the South Pacific.[216]Pacific (1942–1943)"
185,3,d7f03a24-a627-4fc5-abbb-bd7ac66c876e,59,"Red Army soldiers on the counterattack during the Battle of
Stalingrad, February 1943Both plans started in July, but by mid-September , the Battle for Guadalcanal  took priority for the
Japanese, and troops in New Guinea were ordered to withdraw from the Port Moresby area to the
northern part of the island , where they faced Australian and United States troops in the Battle of Buna–
Gona .[217] Guadalcanal soon became a focal point for both sides with heavy commitments of troops and
ships in the battle for Guadalcanal, with Japanese forces suffering massive losses in the attrition,
especially amongst their elite pilots.[218] By the start of 1943, the Japanese were defeated on the island
and withdrew their troops .[219] In Burma, Commonwealth forces moun ted two operations. The first was a
disastrous offensive into the Arakan region  in late 1942 that forced a retreat back to India by May"
186,3,d7f03a24-a627-4fc5-abbb-bd7ac66c876e,60,"disastrous offensive into the Arakan region  in late 1942 that forced a retreat back to India by May
1943.[220] The second was the insertion of irregular forces  behind Japanese frontlines in February which,
by the end of April, had achieved mixed results.[221]
Despite considerable losses, in early 1942 Germany and its allies stopped a major Soviet offensive in
central  and southern Russia, keeping most territorial gains they had achieved during the previous
year.[222] In May, the Germans defeated Soviet offensives in the Kerch Peninsula  and at Kharkov .[223]
The fortress city of Sevastopol, which the Red Army had held out against Axis siege for nearly 250 days,
was finally seized with the use of massive artillery bombardments and poison gas.[224]
In June 1942 Germany launched its main summer offensive  against southern Russia, to seize the oil fields
of the Caucasus  and occupy the Kuban  steppe , while maintaining positions on the northern and central"
187,3,d7f03a24-a627-4fc5-abbb-bd7ac66c876e,61,"of the Caucasus  and occupy the Kuban  steppe , while maintaining positions on the northern and central
areas of the front. The Germans split Army Group South  into two groups: Army Group A advanced to the
lower Don River  and struck south-east to the Caucasus, while Army Group B headed towards the Volga
River . The Soviet Union decided to make its stand at Stalingrad on the Volga.[225]
By mid-November , the Germans had
nearly taken Stalingrad  in bitter street
fighting . The Soviet Union began its
second winter counter -offensive, starting
with an encirclement of the German Sixth
Army at Stalingrad ,[226] and an assault on
the Rzhev salient near Moscow , though
the latter failed.[227] By early February
1943, the German army had taken
tremendous losses; German troops at
Stalingrad had been defeated,[228] and the
front-line had been pushed back beyond its position before the summer offensiv e. In mid-February , after"
188,3,d7f03a24-a627-4fc5-abbb-bd7ac66c876e,62,"Stalingrad had been defeated,[228] and the
front-line had been pushed back beyond its position before the summer offensiv e. In mid-February , after
the Soviet push had tapered off, the Germans launched another attack on Kharkov , creating a salient  in
their front line around the Soviet city of Kursk .[229]
Exploiting poor American naval command decisions, the German navy ravaged Allied shipping off the
American Atlantic coast .[230] The Germans launched a North African offensive in January 1942, pushing
the British back to positions at the Gazala line by early February ,[231] followed by a temporary lull in
combat which Germany used to prepare for their upcoming offensives.[232] Concerns that the Japanese
might use bases in Vichy-held Madagascar  caused the British to invade the island  in early May 1942.[233]Eastern Front (1942–1943)
Western Europe/Atlantic and Mediterranean (1942–1943)
American Eighth Air Force Boeing B-
17 Flying Fortress bombing raid on the"
189,3,d7f03a24-a627-4fc5-abbb-bd7ac66c876e,63,"Western Europe/Atlantic and Mediterranean (1942–1943)
American Eighth Air Force Boeing B-
17 Flying Fortress bombing raid on the
Focke-Wulf factory in Germany, 9
October 1943
US Navy SBD-5 scout/dive bomber
flying patrol over USS Washington and
USS Lexington during the Gilbert and
Marshall Islands campaign, 1943An Axis offensive in Libya  forced an Allied retreat deep
inside Egypt until Axis forces were stopped at El
Alamein .[234] On the Continent, raids of Allied commandos
on strategic targets, culminating in the failed Dieppe
Raid ,[235] demonstrated the Western Allies' inability to launch
an invasion of continental Europe without much better
preparation, equipment, and operational security .[236]
In August 1942, the Allies succeeded in repelling a second
attack against El Alamein[237] and, at a high cost, managed to
deliver desperately needed supplie s to the besieged
Malta .[238] A few months later, the Allies commenced an"
190,3,d7f03a24-a627-4fc5-abbb-bd7ac66c876e,64,"deliver desperately needed supplie s to the besieged
Malta .[238] A few months later, the Allies commenced an
attack of their own in Egypt, dislodging the Axis forces and
beginning a drive west across Libya.[239] This attack was
followed up shortly after by Anglo-American landings in
French North Africa , which resulted in the region joining the Allies.[240] Hitler responded to the French
colony's defection by ordering the occupation of Vichy France ;[240] although Vichy forces did not resist
this violation of the armistice, they managed to scuttle their fleet to prevent its capture by German
forces.[240][241] Axis forces in Africa withdrew into Tunisia, which was conquered by the Allies  in May
1943.[240][242] German operations in the Atlantic also suffered. By May 1943, as Allied counter -measures
became increasingly effective , the resulting sizeable German submarine losses forced a temporary halt of
the German Atlantic naval campaign.[243]"
191,3,d7f03a24-a627-4fc5-abbb-bd7ac66c876e,65,"became increasingly effective , the resulting sizeable German submarine losses forced a temporary halt of
the German Atlantic naval campaign.[243]
In June 1943, the British and Americans began a strategic bombing campaign  against Germany with a
goal to disrupt the war economy , reduce morale, and ""de-house "" the civilian population.[244] The
firebombing of Hambur g was among the first attacks in this campaign, inflicting significant casualties
and considerable losses on infrastructure of this important industrial centre.[245]
After the Guadalcanal campaign, the Allies initiated several
operations against Japan in the Pacific. In May 1943,
Canadian and US forces were sent to eliminate Japanese
forces from the Aleutians .[246] Soon after, the United States,
with support from Australia, New Zealand, and Pacific
Islander forces, began major ground, sea and air operations to
isolate Rabaul by capturing surrounding islands , and breach"
192,3,d7f03a24-a627-4fc5-abbb-bd7ac66c876e,66,"Islander forces, began major ground, sea and air operations to
isolate Rabaul by capturing surrounding islands , and breach
the Japanese Central Pacific perimeter at the Gilbert and
Marshall Islands .[247] By the end of March 1944, the Allies
had completed both of these objectives and had also
neutralised the major Japanese base at Truk in the Caroline
Islands . In April, the Allies launched an operation to retake
Western New Guinea .[248]
In the Soviet Union, both the Germans and the Soviets spent
the spring and early summer of 1943 preparing for large offensives in central Russia. On 5 July 1943,
Germany attacked Soviet forces around the Kursk  Bulge . Within a week, German forces had exhausted
Allies gain momentum (1943–1944)"
193,3,d7f03a24-a627-4fc5-abbb-bd7ac66c876e,67,"Red Army troops behind T34/76 (1942
variant) in a counter-offensive on German
positions at the Battle of Kursk, July 1943themselves against the Soviets' well-constructed defences,[249] and for the first time in the war, Hitler
cancelled an operation before it had achieved tactical or operational success.[250] This decision was
partially affected by the Western Allies ' invasion of Sicily  launched on 9 July, which, combined with
previous Italian failures, resulted in the ousting and arrest of Mussolini  later that month.[251]
On 12 July 1943, the Soviets launched their own counter -
offensives , thereby nearly completely dispelling any chance
of German victory or even stalemate in the east. The Soviet
victory at Kursk marked the end of German superiority ,[252]
giving the Soviet Union the initiative on the Eastern
Front.[253][254] The Germans tried to stabilise their eastern
front along the hastily fortified Panther–W otan line, but the"
194,3,d7f03a24-a627-4fc5-abbb-bd7ac66c876e,68,"Front.[253][254] The Germans tried to stabilise their eastern
front along the hastily fortified Panther–W otan line, but the
Soviets broke through it at Smolensk  and the Lower Dnieper
Offensive .[255]
On 3 September 1943, the Western Allies invaded the Italian
mainland , following Italy's armistice with the Allies  and the
ensuing German occupation of Italy.[256] Germany , with the help of local fascists, responded to the
armistice by disarming Italian forces  that were in many places without superior orders, seizing military
control of Italian areas,[257] and creating a series of defensive lines.[258] German special forces then
rescued Mussolini , who then soon established a new client state in German-occupied Italy named the
Italian Social Republic ,[259] causing an Italian civil war. The Western Allies fought through several lines
until reaching the main German defensive line  in mid-November .[260]"
195,3,d7f03a24-a627-4fc5-abbb-bd7ac66c876e,69,"until reaching the main German defensive line  in mid-November .[260]
In November 1943, Franklin D. Roosevelt  and Winston Churchill met with Chiang Kai-shek  in Cairo  and
then with Joseph Stalin in Tehran .[261] The former conference determined the post-war return of Japanese
territory[262] and the military planning for the Burma campaign ,[263] while the latter included agreement
that the Western Allies would invade Europe in 1944 and that the Soviet Union would declare war on
Japan within three months of Germany's defeat.[264]
From November 1943, during the seven-week Battle of Changde , the Chinese awaited Allied relief as
they forced Japan to fight a costly war of attrition.[265][266][267] In January 1944, the Allies launched a
series of attacks in Italy against the line at Monte Cassino  and tried to outflank it with landings at
Anzio .[268]
On 27 January 1944, Soviet  troops launched a major offensive  that expelled German forces from the"
196,3,d7f03a24-a627-4fc5-abbb-bd7ac66c876e,70,"Anzio .[268]
On 27 January 1944, Soviet  troops launched a major offensive  that expelled German forces from the
Leningrad region , thereby ending the most lethal siege in history .[269] The following Soviet offensive  was
halted on the pre-war Estonian border  by the German Army Group North  aided by Estonians  hoping to
re-establish national independence . This delay slowed subsequent Soviet  operations in the Baltic Sea
region.[270] By late May 1944, the Soviets had liberated Crimea , largely expelled Axis forces from
Ukraine , and made incursions into Romania , which were repulsed by the Axis troops.[271] The Allied
offensives in Italy had succeeded and, at the cost of allowing several German divisions to retreat, Rome
was captured on 4 June.[272]
The Allies had mixed success in mainland Asia. In March 1944, the Japanese launched the first of two
invasions, an operation against Allied positions in Assam, India ,[273] and soon besieged Commonwealth"
197,3,d7f03a24-a627-4fc5-abbb-bd7ac66c876e,71,"invasions, an operation against Allied positions in Assam, India ,[273] and soon besieged Commonwealth
positions at Imphal  and Kohima .[274] In May 1944, British and Indian forces mounted a counter -offensive
that drove Japanese troops back to Burma by July,[274] and Chinese forces that had invaded northern"
198,3,d7f03a24-a627-4fc5-abbb-bd7ac66c876e,72,"American troops approaching Omaha
Beach during the invasion of Normandy
on D-Day, 6 June 1944
General Douglas MacArthur returns to
the Philippines during the Battle of Leyte,
20 October 1944Burma  in late 1943 besieged Japanese troops  in Myitkyina .[275] The second Japanese invasion  of China
aimed to destroy China's main fighting forces, secure railways between Japanese-held territory and
capture Allied airfields.[276] By June, the Japanese had conquered the province of Henan  and begun a
new attack on Changsha .[277]
On 6 June 1944 (commonly known as D-Day ), after three
years of Soviet pressure,[278] the Western Allies invaded
northern France . After reassigning several Allied divisions
from Italy, they also attacked southern France .[279] These
landings were successful and led to the defeat of the German
Army units in France . The liberation of Paris  on 25 August by
the local resistance  was assisted by the Free French Forces ,"
199,3,d7f03a24-a627-4fc5-abbb-bd7ac66c876e,73,"Army units in France . The liberation of Paris  on 25 August by
the local resistance  was assisted by the Free French Forces ,
both led by General Charles de Gaulle ,[280] and the Western
Allies continued to push back German forces  in western
Europe during the latter part of the year. An attempt to
advance into northern Germany spearheaded by a major
airborne operation  in the Netherlands failed.[281] After that,
the Western Allies slowly pushed into Germany , but failed to
cross the Roer river . In Italy , the Allied advance slowed due to the last major German defensive line .[282]
On 22 June, the Soviets launched a strategic offensive in Belarus  that nearly destroyed the German Army
Group Centre .[283] Soon after that, another Soviet strategic offensive  forced German troops from Western
Ukraine and Eastern Poland. The Soviet  Red Army however halted in the Praga  district on the other side"
200,3,d7f03a24-a627-4fc5-abbb-bd7ac66c876e,74,"Ukraine and Eastern Poland. The Soviet  Red Army however halted in the Praga  district on the other side
of the Vistula  as the Germans quelled the Warsaw Uprising  initiated by the Home Army  (the main faction
of the Polish resistance , loyal to the non-communist government-in exile), killing over 150,000
Poles.[284] The national uprising  in Slovakia  was also quelled by the Germans.[285] The Soviet Red
Army 's strategic offensive in eastern Romania  cut off and destroyed the considerable German troops there
and triggered a successful coup d'état in Romania  and in Bulgaria , followed by those countries' shift to
the Allied side.[286]
In September 1944, Soviet troops adva nced into Yugoslavia
and forced the rapid withdrawal of German Army Groups E
and F in Greece , Albania , and Yugoslavia to rescue them from
being cut off.[287] By this point, the communist-led Partisans
under Marshal Josip Broz Tito, who had led an increasingly"
201,3,d7f03a24-a627-4fc5-abbb-bd7ac66c876e,75,"being cut off.[287] By this point, the communist-led Partisans
under Marshal Josip Broz Tito, who had led an increasingly
successful guerrilla campaign  against the occupation since
1941, controlled much of the territory of Yugoslavia and
engaged in delaying efforts against German forces further
south. In northern Serbia , the Soviet Red Army , with limited
support from Bulgarian forces, assisted the Partisans in a joint
liberation of the capital city of Belgrade  on 20 October . A few
days later, the Soviets launched a massive assault  against
German-occupied  Hungary that lasted until the fall of
Budapest  in February 1945.[288] Unlike rapid Soviet victoriesAllied offensives (1944)"
202,3,d7f03a24-a627-4fc5-abbb-bd7ac66c876e,76,"Yalta Conference held in February
1945, with Winston Churchill, Franklin D.
Roosevelt, and Joseph Stalinin the Balkans, bitter Finnish resistance  to the Soviet offensive  in the Karelian Isthmus  denied the Soviets
occupation of Finland and led to a Soviet-Finnish armistice  on relatively mild conditions,[289] although
Finland was obligated to fight their German former allies .[290]
By the start of July 1944, Commonwealth forces in Southeast Asia had repelled the Japanese sieges in
Assam , pushing the Japanese back to the Chindwin River[291] while the Chinese captured Myitkyina. In
September 1944, Chinese forces captured Mount Song  and reopened the Burma Road .[292] In China, the
Japanese had more successes, having finally captured Changsha  in mid-June and the city of Hengyang  by
early August.[293] Soon after, they invaded the province of Guangxi , winning major engagements against
Chinese forces at Guilin and Liuzhou  by the end of November[294] and successfully linking up their"
203,3,d7f03a24-a627-4fc5-abbb-bd7ac66c876e,77,"Chinese forces at Guilin and Liuzhou  by the end of November[294] and successfully linking up their
forces in China and Indochina by mid-December .[295]
In the Pacific, US forces continued to push back the Japanese perimeter . In mid-June 1944, they began
their offensive against the Mariana and Palau islands  and decisively defeated Japanese forces in the Battle
of the Philippine Sea. These defeats led to the resignation of the Japanese Prime Minister , Hideki Tojo,
and provided the United States with air bases to launch intensive heavy bomber attacks on the Japanese
home islands. In late October , American forces invaded the Filipino island of Leyte ; soon after, Allied
naval forces scored another large victory in the Battle of Leyte Gulf, one of the largest naval battles in
history .[296]
On 16 December 1944, Germany made  a last attempt to split
the Allies on the Western Front by using most of its remaining
reserves to launch a massive counter -offensive in the"
204,3,d7f03a24-a627-4fc5-abbb-bd7ac66c876e,78,"the Allies on the Western Front by using most of its remaining
reserves to launch a massive counter -offensive in the
Ardennes  and along the French-German border , hoping to
encircle large portions of Western Allied troops and prompt a
political settlement after capturing their primary supply port
at Antwerp . By 16 January 1945, this offensive had been
repulsed with no strategic objectives fulfilled.[297] In Italy, the
Western Allies remained stalemated at the German defensive
line. In mid-January 1945, the Red Army attacked in Poland,
pushing from the Vistula to the Oder  river in Germany , and
overran East Prussia .[298] On 4 February , Soviet, British, and
US leaders met for the Yalta Conference . They agreed on the
occupation of post-war Germany , and on when the Soviet
Union would join the war against Japan.[299]
In February , the Soviets entered Silesia  and Pomerania , while the Western Allies entered western"
205,3,d7f03a24-a627-4fc5-abbb-bd7ac66c876e,79,"Union would join the war against Japan.[299]
In February , the Soviets entered Silesia  and Pomerania , while the Western Allies entered western
Germany  and closed to the Rhine River . By March, the Western Allies crossed the Rhine north  and south
of the Ruhr , encircling the German Army Group B.[300] In early March, in an attempt to protect its last oil
reserves in Hungary and retake Budap est, Germany launched its last major offensive  against Soviet
troops near Lake Balaton . Within two weeks, the offensive had been repulsed, the Soviets advanced to
Vienna , and captured the city. In early April, Soviet troops captured Königsber g, while the Western Allies
finally pushed forward in Italy and swept across western Germany capturing Hambur g and Nurember g.
American and Soviet forces met at the Elbe river  on 25 April, leaving unoccupied pockets in southern
Germany and around Berlin.[301]Axis collapse and Allied victory (1944–1945)"
206,3,d7f03a24-a627-4fc5-abbb-bd7ac66c876e,80,"A Filipino woman and child killed by
Japanese troops in Manila, 1945Soviet troops then stormed and captured Berlin  in late April.[302] In Italy, German forces surrendered  on
29 April, while the Italian Social Republic  capitulated two days later. On 30 April, the Reichstag  was
captured, signalling the military defeat of Nazi Germany .[303]
Major changes in leadership occurred on both sides during this period. On 12 April, President Roosevelt
died and was succeeded by his vice-president, Harry S. Truman .[304] Benito Mussolini was killed  by
Italian partisans  on 28 April.[305] On 30 April, Hitler committed suicide  in his headquarters , and was
succeeded by Grand Admiral  Karl Dönitz  (as President of the Reich ) and Joseph Goebbels  (as Chancellor
of the Reich ). Goebbels also committed suicide on the following day and was replaced by Lutz Graf
Schwerin von Krosigk , in what would later be known as the Flensbur g Government . Total and"
207,3,d7f03a24-a627-4fc5-abbb-bd7ac66c876e,81,"Schwerin von Krosigk , in what would later be known as the Flensbur g Government . Total and
unconditional surrender  in Europe was signed on 7 and 8 May, to be effective by the end of 8 May.[306]
German Army Group Centre resisted in Prague  until 11 May.[307] On 23 May, all remaining members of
the German government were arrested by Allied forces in Flensbur g. On 5 June, all German political and
military institutions were placed under Allied control through the Berlin Declaration .[308]
In the Pacific theatre, American forces accompanied by the
forces of the Philippine Commonwealth  advanced in the
Philippines , clearing Leyte  by the end of April 1945. They
landed on Luzon  in January 1945 and recaptured Manila  in
March, during which Japanese forces killed 100,000 Filipino
civilians  in the city. Fighting continued on Luzon, Mindanao ,
and other islands of the Philippines until the end of the
war.[309]
Meanwhile, the United States Army Air Forces  launched a"
208,3,d7f03a24-a627-4fc5-abbb-bd7ac66c876e,82,"and other islands of the Philippines until the end of the
war.[309]
Meanwhile, the United States Army Air Forces  launched a
massive firebombing campaign  of strategic cities in Japan in
an effort to destroy Japanese war industry and civilian
morale. A devastating bombing raid on Tokyo of 9–10 March  was the deadliest conventional bombing
raid in history .[310]
In May 1945, Australian troops landed in Borneo , overrunning the oilfields there. British , American, and
Chinese forces defeated the Japanese in northern Burma  in March, and the British pushed on to reach
Rangoon  by 3 May.[311] Chinese forces started a counterattack in the Battle of West Hunan  that occurred
between 6 April and 7 June 1945. American naval and amphibious forces also moved towards Japan,
taking Iwo Jima  by March, and Okinawa  by the end of June.[312] At the same time, a naval blockade by
submarines  was strangling Japan's economy and drastically reducing its ability to supply overseas
forces.[313][314]"
209,3,d7f03a24-a627-4fc5-abbb-bd7ac66c876e,83,"submarines  was strangling Japan's economy and drastically reducing its ability to supply overseas
forces.[313][314]
On 11 July, Allied leaders met in Potsdam, Germany . They confirmed earlier agreements  about
Germany ,[315] and the American, British, and Chinese governments reiterated the demand for
unconditional surrender of Japan, specifically stating that ""the alternative for Japan is prompt and utter
destruction "".[316] During this conference, the United Kingdom held its general election , and Clement
Attlee  replaced Churchill as Prime Minister .[317]
The call for unconditional surrender was rejected by the Japanese government, which believed it would
be capable of negotiating for more favourable surrender terms.[318] In early August, the United States
dropped atomic bombs  on the Japanese cities of Hiroshima  and Nagasaki . Between the two bombings, the
Soviets, pursuant to the Yalta agreemen t, declared war on Japan , invaded Japanese-held Manchuria  and"
210,3,d7f03a24-a627-4fc5-abbb-bd7ac66c876e,84,"Japanese foreign affairs minister
Mamoru Shigemitsu signs the Japanese
Instrument of Surrender on board
USS Missouri, 2 September 1945
Defendants at the Nuremberg trials,
where the Allied forces prosecuted
prominent members of the political,
military, judicial, and economic leadership
of Nazi Germany for crimes against
humanityquickly defeated the Kwantung Army , which was the largest
Japanese fighting force.[319] These two events persuaded
previously adamant Imperial Army leaders to accept
surrender terms.[320] The Red Army also captured the
southern part of Sakhalin Island  and the Kuril Islands . On the
night of 9–10 August 1945, Emperor Hirohito ordered the
Japanese cabinet to accept the terms demanded by the Allies
in the Potsdam Declaration .[321] On 15 August, the Emperor
communicated this decision to the Japanese people through a
speech broadcast on the radio (Gyokuon-hōsō , literally
""broadcast in the Emperor's voice"").[322] On 15 August 1945,"
211,3,d7f03a24-a627-4fc5-abbb-bd7ac66c876e,85,"speech broadcast on the radio (Gyokuon-hōsō , literally
""broadcast in the Emperor's voice"").[322] On 15 August 1945,
Japan surrendered , with the surrender documents  finally
signed at Tokyo Bay on the deck of the American battleship
USS Missouri  on 2 September 1945, ending the war .[323]
The Allies established occupation administrations in Austria
and Germany , both of which were initially divided between
western and eastern occupation zones controlled by the
Western Allies and the Soviet Union, respectively . However ,
their paths soon diver ged. In Germany , the western  and
eastern occupation zones  officially ended in 1949, with the
respective zones becoming separate countries, West Germany
and East Germany .[324] In Austria, however , occupation
continued until 1955, when a joint settlement between the
Western Allies and the Soviet Union permitted the
reunification of Austria as a democratic state officially non-
aligned with any political bloc (although in practice having"
212,3,d7f03a24-a627-4fc5-abbb-bd7ac66c876e,86,"reunification of Austria as a democratic state officially non-
aligned with any political bloc (although in practice having
better relations with the Western Allies). A denazification
program in Germany led to the prosecution of Nazi war
criminals in the Nurember g trials  and the removal of ex-Nazis
from power , although this policy moved towards amnesty and
re-integration of ex-Nazis into West German society .[325]
Germany lost a quarter of its pre-war (1937) territory . Among the eastern territories, Silesia , Neumark ,
and most of Pomerania  were taken over by Poland,[326] and East Prussia  was divided between Poland and
the Soviet Union, followed by the expulsion to Germany  of the nine million Germans from these
provinces,[327][328] as well as three million Germans from the Sudetenland  in Czechoslovakia. By the
1950s, one-fifth of West Germans were refugees from the east. The Soviet Union also took over the"
213,3,d7f03a24-a627-4fc5-abbb-bd7ac66c876e,87,"1950s, one-fifth of West Germans were refugees from the east. The Soviet Union also took over the
Polish provinces east of the Curzon Line,[329] from which two million Poles were expelled .[328][330]
Northeastern Romania,[331][332] parts of eastern Finland,[333] and the Baltic states  were annexed into the
Soviet Union .[334][335] Italy lost its monarchy , colonial empire , and some European territories .[336]
Aftermath"
214,3,d7f03a24-a627-4fc5-abbb-bd7ac66c876e,88,"Post-war border changes in Central
Europe and creation of the communist
Eastern BlocIn an effort to maintain world peace ,[337] the Allies formed the United Nations,[338] which officially came
into existence on 24 October 1945,[339] and adopted the Universal Declaration of Human Rights  in 1948
as a common standard for all member nations .[340][341] The great powers  that were the victors of the war
—France, China, the United Kingdom, the Soviet Union, and the United States —became the permanent
members  of the UN's Security Council .[342] The five permanent members remain  so to the present,
although there have been two seat changes, between  the Republic of China and the People's Republic of
China in 1971, and between the Soviet Union and its successor state, the Russian Federation, following
the dissolution of the Soviet Union  in 1991. The alliance between the Western Allies and the Soviet
Union had begun to deteriorate even before the war was over .[343]"
215,3,d7f03a24-a627-4fc5-abbb-bd7ac66c876e,89,"Union had begun to deteriorate even before the war was over .[343]
Besides Germany , the rest of Europe was also divided into
Western and Soviet spheres of influence .[344] Most eastern
and central European countries fell into the Soviet sphere ,
which led to the establishment of communist-led regimes,
with full or partial support of the Soviet occupation
authorities. As a result, East Germany ,[345] Poland , Hungary ,
Romania , Bulgaria , Czechoslovakia , and Albania[346] became
Soviet satellite states . Communist Yugoslavia  conducted a
fully independent policy , causing tension with the Soviet
Union .[347] A communist uprising in Greece  was put down
with Anglo-American support and the country remained
aligned with the West.[348]
Post-war division of the world was formalised by two
international military alliances, the United States-led NATO
and the Soviet-led Warsaw Pact.[349] The long period of
political tensions and military competition between them—"
216,3,d7f03a24-a627-4fc5-abbb-bd7ac66c876e,90,"and the Soviet-led Warsaw Pact.[349] The long period of
political tensions and military competition between them—
the Cold War—would be accompanied by an unprecedented
arms race and a number of proxy wars  throughout the
world.[350]
In Asia, the United States led the occupation of Japan  and
administered Japan's former islands  in the Western Pacific,
while the Soviets annexed South Sakhalin  and the Kuril
Islands .[351] Korea, formerly under Japanese colonial rule,
was divided and occupied  by the Soviet Union in the North and the United States in the South between
1945 and 1948. Separate republics emer ged on both sides of the 38th parallel in 1948, each claiming to be
the legitimate government for all of Korea, which led ultimately to the Korean War.[352]
In China, nationalist and communist forces resumed the civil war in June 1946. Communist forces
prevailed and established the People's Republic of China on the mainland, while nationalist forces"
217,3,d7f03a24-a627-4fc5-abbb-bd7ac66c876e,91,"prevailed and established the People's Republic of China on the mainland, while nationalist forces
retreated to Taiwan in 1949.[353] In the Middle East, the Arab rejection of the United Nations Partition
Plan for Palestine  and the creation of Israel  marked the escalation of the Arab–Israeli conflict . While
European powers attempted to retain some or all of their colonial empires , their losses of prestige and
resources during the war rendered this unsuccessful, leading to decolonisation .[354][355]"
218,3,d7f03a24-a627-4fc5-abbb-bd7ac66c876e,92,"Bodies of Chinese civilians killed by
the Imperial Japanese Army during the
Nanjing massacre in December 1937The global economy suffered heavily from the war, although participating nations were affected
differently . The United States emer ged much richer than any other nation, leadin g to a baby boom , and by
1950 its gross domestic product per person was much greater than that of any of the other powers, and it
dominated the world economy .[356] The Allied occupational authorities pursued a policy of industrial
disarmament in Western Germany  from 1945 to 1948.[357] Due to international trade interdependencies,
this policy led to an economic stagnation in Europe and delayed European recovery from the war for
several years.[358][359]
At the Bretton Woods Conference  in July 1944, the Allied nations drew up an economic framework for
the post-war world. The agreement created the International Monetary Fund  (IMF) and the International"
219,3,d7f03a24-a627-4fc5-abbb-bd7ac66c876e,93,"the post-war world. The agreement created the International Monetary Fund  (IMF) and the International
Bank for Reconstruction and Development  (IBRD), which later became part of the World Bank Group .
The Bretton Woods system  lasted until 1973.[360] Recovery began with the mid-1948 currency reform in
West Germany , and was sped up by the liberalisation of European economic policy that the US Marshall
Plan economic aid (1948–1951) both directly and indirectly caused.[361][362] The post-1948 West German
recovery has been called the German economic miracle .[363] Italy also experienced an economic
boom[364] and the French economy rebounded .[365] By contrast, the United Kingdom was in a state of
economic ruin,[366] and although receiving a quarter of the total Marshall Plan assistance, more than any
other European country ,[367] it continued in relative economic decline for decades.[368] The Soviet Union,"
220,3,d7f03a24-a627-4fc5-abbb-bd7ac66c876e,94,"other European country ,[367] it continued in relative economic decline for decades.[368] The Soviet Union,
despite enormous human and material losses, also experienced rapid increa ses in production in the
immediate post-war era,[369] having seized and transferred most of Germany's industrial plants and
exacted war reparations  from its satellite states.[d][370] Japan recovered much later.[371] China returned to
its pre-war industrial production by 1952.[372]
An estimated 60 million to more than 75 million people died
in the war including at least 20 million who died from
deprivation, famine and disease.[373][374][375][376] Civilian
deaths have been estimated to comprise 67%[377] to 80%[378]
of all direct and indirect deaths from the war. The Soviet
Union had the highest overall death toll (estimated at
20 million to 28 million),[379] followed by China (at least
15 million),[374][380][381] Germany (6 million to
8.7 million)[382][381] and Poland (5 million to
6.5 million).[374][381]"
221,3,d7f03a24-a627-4fc5-abbb-bd7ac66c876e,95,"15 million),[374][380][381] Germany (6 million to
8.7 million)[382][381] and Poland (5 million to
6.5 million).[374][381]
The countries which sustained the most military deaths were
the Soviet Union (about 8.7 million),[383] Germany (around
5.3 million),[384] China (2 million to 3 million)[385][386] and Japan (1.7 million to 2.5 million).[374][386]
Of the 20 million to 25 million military deaths in the war, the majority were of German and Soviet
soldiers, including prisoners of war (POWs), on the Eastern Front.[387]Impact
Casualties"
222,3,d7f03a24-a627-4fc5-abbb-bd7ac66c876e,96,"Prisoner identity photograph of a
Polish girl taken by the German SS in
Auschwitz.[391] Approximately 230,000
children were held prisoner and used in
forced labour and Nazi medical
experiments.The high civilian death toll relative to military deaths was unusual for major wars up to that time.[388]
Some 10 million to 15 million people died of starvation and disease in China and the Soviet Union, and
8 million to 10 million in India and under Japanese occupation elsewhere in Asia and the Pacific.[389]
Around 15 million civilians died in genocides and other deliberate killings, while millions in total died in
concentration camps, aerial bombings and in combat zones.[390]
In trials following the war, representatives of the Axis powers
and their accomplices were convicted of numerous war
crimes , crimes against humanity , and complicity in
genocides .[392] The Nazis killed about 6 million Jews in a
racially motivated genocide known as the Holocaust . They"
223,3,d7f03a24-a627-4fc5-abbb-bd7ac66c876e,97,"genocides .[392] The Nazis killed about 6 million Jews in a
racially motivated genocide known as the Holocaust . They
also killed millions of Slavs , over 130 thousand Romani , and
members of other groups that they considered racially
inferior .[393][394] Almost 300,000 people with mental and
physical disabilities were also systematically killed  in
Germany and its occupied territories.[395]
The killing of civilians and POWs through massacres and
deliberate starvation was especially common in the Eastern
European and Asia-Pacific theatres. German forces on the Eastern Front destroyed or confiscated
available food, massacred civilians in reprisals and routinely shot prisoners.[396][392] The Japanese killed
millions of civilians in occupied areas through massacres and scorched earth  strategies; for example, in
their ""kill all, burn all, loot all"" policy in China.[397][398] In the Nanjing massacre , between 40,000 and"
224,3,d7f03a24-a627-4fc5-abbb-bd7ac66c876e,98,"their ""kill all, burn all, loot all"" policy in China.[397][398] In the Nanjing massacre , between 40,000 and
200,000 Chinese civilians and POWs were killed.[399] Japan also used biological weapons in China  and
in early conflicts against the Soviets .[400][401] The Soviet Union was responsible for imprisoning,
deporting and often executing  hundreds of thousands of civilians and POWs from occupied or annexed
territories.[402][403] This included the Katyn massacre  of 22,000 Polish of ficers and intellectuals.[404]
War crimes were also committed in civil wars and conflicts between resistance groups in occupied
territories. In Yugoslavia, numerous war crimes, including the massacre of civilians and prisoners, were
committed by Axis forces and the Axis-aligned Croatian Ustaše . The main resistance groups, the Serbian-
Nationalist Chetniks  and the Communist-led partisans , also committed massacres and persecutions of"
225,3,d7f03a24-a627-4fc5-abbb-bd7ac66c876e,99,"Nationalist Chetniks  and the Communist-led partisans , also committed massacres and persecutions of
their enemies.[392][405] In Poland, about 100,000 Poles were killed by the Ukrainian Insur gent Army  in
the Volhynia massacres  between 1943 and 1945. About 10,000 Ukrainians were killed by Poles in repris al
attacks.[406] In Greece, Axis forces were mainly responsible for civilian deaths through deliberate
starvation and reprisal massacres, although the major resistance forces, ELAS  and EDES , also committed
war crimes.[407][392]
The Soviet Union, Japan and Germany inflicted high death rates on POWs through executions, starvation,
forced labour and other mistreatment. The Soviet Union and Japan had not ratified the Geneva
Convention on Prisoners of War, and Germany regarded itself as exempt from the convention on the
Eastern Front.[392] About a third of those taken prisoner by the Japanese died, as did almost 60 per cent of"
226,3,d7f03a24-a627-4fc5-abbb-bd7ac66c876e,100,"Eastern Front.[392] About a third of those taken prisoner by the Japanese died, as did almost 60 per cent of
Soviet prisoners of the Germans. About a third of Germans taken prisoner by the Soviet Union died in
captivity . The mortality rate of Germa n and Japanese prisoners of the Western allies was 1 to 2 per
cent.[408][409]Genocide, war crimes, and crimes against humanity"
227,3,d7f03a24-a627-4fc5-abbb-bd7ac66c876e,101,"Schutzstaffel (SS) women camp
guards removing prisoners' bodies from
lorries and carrying them to a mass
grave, inside the German Bergen-Belsen
concentration camp, 1945
Polish civilians wearing blindfolds
photographed just before being
massacred by German soldiers in
Palmiry forest, 1940Germany , Japan and the Soviet Union made extensive use of
forced labour of foreign civilians and POWs. In greater
Germany , there were 7.6 million foreign workers (including
POWs undertaking forced labour) and about 500,000 slave
labourers in concentration camps by late 1944.[410] Those
civilians and POWs from Soviet-occupied territories who
were deported to the Soviet Union were usually imprisoned in
the Soviet forced labour camps, known as the gulag .[402]
Between 200,000 and one million Soviet POWs and civilians
repatriated from German camps were also sent to the gulag as
alleged Axis collaborators[411][392] where many died from
malnutrition, the harsh climate and overwork.[403][402] The"
228,3,d7f03a24-a627-4fc5-abbb-bd7ac66c876e,102,"alleged Axis collaborators[411][392] where many died from
malnutrition, the harsh climate and overwork.[403][402] The
Japanese conscripted millions of foreign civilians and POWs
to undertake forced labour in Japan and its occupied
territories where they suffered harsh treatment and high death
rates.[412][413] Up to 200,000 Korean and Chinese women
were forced into sex slavery .[414]
While troops of all the major belligerents committed rapes,
the rape of civilians was particularly widespread among the German, Japanese  and Soviet military . The
post-war international military tribunals found the evidence of rape by German forces ""overwhelming"".
Twenty-nine Japanese defendants, mostly generals, were convicted of complicity in mass rape.[415]
Soviet soldiers also committed mass rapes in occupied territories, especially Germany .[416][417]
War crimes were committed by the Western Allied powers, but not on the same scale as those of the Axis"
229,3,d7f03a24-a627-4fc5-abbb-bd7ac66c876e,103,"War crimes were committed by the Western Allied powers, but not on the same scale as those of the Axis
powers and the Soviet Union.[392] The Western Allies prosecuted a number of war crimes committed by
their own forces, but Allied war crimes were not prosecuted by the post-war international military
tribunals.[418][392] There has been continued debate over whether the area bombing  of cities in Germany
and Japan, and the atomic bombing of Hiroshima and Nagasaki , were war crimes.[419][392]
In Europe, occupation came in two forms. In Western,
Northern, and Central Europe (France, Norway , Denmark, the
Low Countries, and the annexed portions of Czechoslovakia )
Germany established economic polici es through which it
collected roughly 69.5 billion reichsmarks (27.8  billion US
dollars) by the end of the war; this figure does not include the
plunder  of industrial products, military equipment, raw
materials and other goods.[420] Thus, the income from"
230,3,d7f03a24-a627-4fc5-abbb-bd7ac66c876e,104,"plunder  of industrial products, military equipment, raw
materials and other goods.[420] Thus, the income from
occupied nations was over 40 per cent of the income
Germany collected from taxation, a figure which increased to
nearly 40 per cent of total German income as the war went
on.[421]
Occupation"
231,3,d7f03a24-a627-4fc5-abbb-bd7ac66c876e,105,"Soviet partisans hanged by the
German army. The Russian Academy of
Sciences reported in 1995 that civilian
victims in the Soviet Union at German
hands totalled 13.7 million dead, twenty
per cent of the 68 million people in the
occupied Soviet Union.
Allies to Axis GDP ratio throughout the warIn the East, the intended gains of Lebensraum  were never attained as fluctuating front-lines and Soviet
scorched earth  policies denied resources to the German invaders.[422] Unlike in the West, the Nazi racial
policy  encouraged extreme brutality against what it considered to be the ""inferior people "" of Slavic
descent; most German advances were thus followed by mass atrocities and war crimes .[423] The Nazis
killed an estimated 2.8 million ethnic Poles  in addition to Polish-Jewish victims of the Holocaust .[424]
Although by 1942 resistance groups  formed in most occupied territories,[425] the assessments of the"
232,3,d7f03a24-a627-4fc5-abbb-bd7ac66c876e,106,"Although by 1942 resistance groups  formed in most occupied territories,[425] the assessments of the
effectiveness of Soviet partisans[426] and French Resistance[427] suggests that they did not significantly
hamper German operations until late 1943.
In Asia, Japan termed nations under its occupation as being
part of the Greater East Asia Co-Prosperity Sphere ,
essentially a Japanese hegemony  which it claimed was for
purposes of liberating colonised peoples.[428] Although
Japanese forces were sometimes welcomed as liberators from
European domination, Japanese war crimes  frequently turned
local public opinion against them.[429] During Japan's initial
conquest, it captured 4,000,000 barrels (640,000  m3) of oil
(~550,000 tonnes) left behind by retreating Allied forces; and
by 1943, was able to get production in the Dutch East Indies
up to 50 million barrels (7,900,000  m3) of oil (~6.8  million
tonnes), 76 per cent of its 1940 output rate.[429]
In the 1930s, Britain and the United"
233,3,d7f03a24-a627-4fc5-abbb-bd7ac66c876e,107,"tonnes), 76 per cent of its 1940 output rate.[429]
In the 1930s, Britain and the United
States together controlled almost 75%
of world mineral output—essential for
projecting military power .[430]
In Europe, before the outbreak of the
war, the Allies had significant
advantages in both population and
economics. In 1938, the Western
Allies (United Kingdom, France,
Poland and the British Dominions)
had a 30 per cent larger population
and a 30 per cent higher gross
domestic product than the European
Axis powers (Germany and Italy);
including colonies, the Allies had more than a 5:1 advantage in population and a nearly 2:1 advantage in
GDP .[431] In Asia at the same time, China had roughly six times the population of Japan but only an 89
per cent higher GDP; this reduces to three times the population and only a 38 per cent higher GDP  if
Japanese colonies are included.[431]
The United States produced about two-thirds of all munitions used by the Allies in World War II,"
234,3,d7f03a24-a627-4fc5-abbb-bd7ac66c876e,108,"Japanese colonies are included.[431]
The United States produced about two-thirds of all munitions used by the Allies in World War II,
including warships, transports, warplanes, artillery , tanks, trucks, and ammunition.[432] Although the
Allies' economic and population advantages were largely mitigated during the initial rapid blitzkrieg
Home fronts and production"
235,3,d7f03a24-a627-4fc5-abbb-bd7ac66c876e,109,"A V-2 rocket launched from a fixed site
in Peenemünde, 21 June 1943attacks of Germany and Japan, they became the decisive factor by 1942, after the United States and
Soviet Union joined the Allies and the war evolved into one of attrition .[433] While the Allies' ability to
out-produce the Axis was partly due to more access to natural resources, other factors, such as Germany
and Japan's reluctance to employ women in the labour force ,[434] Allied strategic bombing ,[435] and
Germany's late shift to a war economy[436] contributed significantly . Additionally , neither Germany nor
Japan planned to fight a protracted war, and had not equipped themselves to do so.[437] Germany , Japan
and the Soviet Union used millions of slave labourers  in war -related industries.[410][412][392]
Aircraft were used for reconnaissance , as fighters , bombers ,
and ground-support , and each role developed considerably .
Innovations included airlift  (the capability to quickly move"
236,3,d7f03a24-a627-4fc5-abbb-bd7ac66c876e,110,"and ground-support , and each role developed considerably .
Innovations included airlift  (the capability to quickly move
limited high-priority supplies, equipment, and personnel);[438]
and strategic bombing  (the bombing of enemy industrial and
population centres to destroy the enemy's ability to wage
war).[439] Anti-aircraft weaponry  also advanced, including
defences such as radar  and surface-to-air artillery , in
particular the introduction of the proximity fuze. The use of
the jet aircraft  was pioneered and led to jets becoming
standard in air forces worldwide.[440]
Advances were made in nearly every aspect of naval warfare , most notably with aircraft carriers  and
submarines . Although aeronautical  warfare had relatively little success at the start of the war, actions at
Taranto , Pearl Harbor , and the Coral Sea established the carrier as the dominant capital ship (in place of"
237,3,d7f03a24-a627-4fc5-abbb-bd7ac66c876e,111,"Taranto , Pearl Harbor , and the Coral Sea established the carrier as the dominant capital ship (in place of
the battleship).[441][442][443] In the Atlantic, escort carriers  became a vital part of Allied convoys,
increasing the effective protection radius and helping to close the Mid-Atlantic gap.[444] Carriers were
also more economical than battleships  due to the relatively low cost of aircraft[445] and because they are
not required to be as heavily armoured.[446] Submarines, which had proved to be an effective weapon
during World War I,[447] were expected by all combatants to be important in the second. The British
focused development on anti-submarine  weaponry  and tactics, such as sonar  and convoys, while
Germany focused on improving its offensive capability , with designs such as the Type VII submarine  and
wolfpack  tactics.[448] Gradually , improving Allied technologies such as the Leigh Light , Hedgehog ,"
238,3,d7f03a24-a627-4fc5-abbb-bd7ac66c876e,112,"wolfpack  tactics.[448] Gradually , improving Allied technologies such as the Leigh Light , Hedgehog ,
Squid , and homing torpedoes  proved ef fective against German submarines.[449]
Land warfare  changed from the static frontlines of trench warfare  of World War I, which had relied on
improved artillery  that outmatched the speed of both infantry  and cavalry , to increased mobility and
combined arms . The tank, which had been used predominantly for infantry support in the First World
War, had evolved into the primary weapon.[450] In the late 1930s, tank design was considerably more
advanced than it had been during World War I,[451] and advances continued throughout the war with
increases in speed, armour and firepower .[452][453] At the start of the war, most commanders thought
enemy tanks should be met by tanks with superior specifications.[454] This idea was challenged by the
poor performance of the relatively light early tank guns against armour , and German doctrine of avoiding"
239,3,d7f03a24-a627-4fc5-abbb-bd7ac66c876e,113,"poor performance of the relatively light early tank guns against armour , and German doctrine of avoiding
tank-versus-tank combat. This, along with Germany's use of combined arms, were among the key
elements of their highly successful blitzkrieg tactics across Poland and France.[450] Many means of
destroying tanks , including indirect artillery , anti-tank guns  (both towed and self-propelled ), mines , short-
ranged infantry antitank weapons, and other tanks were used.[454] Even with large-scale mechanisation,Advances in technology and its application"
240,3,d7f03a24-a627-4fc5-abbb-bd7ac66c876e,114,"Nuclear Gadget being raised to the
top of the detonation ""shot tower"", at
Alamogordo Bombing Range; Trinity
nuclear test, New Mexico, July 1945infantry remained the backbone of all forces,[455] and
throughout the war, most infantry were equipped similarly to
World War I.[456] The portable machine gun spread, a notable
example being the German MG 34, and various submachine
guns  which were suited to close combat  in urban and jungle
settings.[456] The assault rifle, a late war development
incorporating many features of the rifle and submachine gun,
became the standard post-war infantry weapon for most
armed forces.[457]
Most major belligerents attempted to solve the problems of
complexity and security involved in using large codebooks
for cryptography  by designing ciphering  machines, the most
well-known being the German Enigma machine .[458]
Development of SIGINT  (signals intelligence) and"
241,3,d7f03a24-a627-4fc5-abbb-bd7ac66c876e,115,"well-known being the German Enigma machine .[458]
Development of SIGINT  (signals intelligence) and
cryptanalysis  enabled the countering process of decryption. Notable examples were the Allie d decryption
of Japanese naval codes[459] and British Ultra , a pioneering method  for decoding Enigma that benefited
from information given to the United Kingdom by the Polish Cipher Bureau , which had been decoding
early versions of Enigma before the war.[460] Another component of military intelligence  was deception ,
which the Allies used to great ef fect in operations such as Mincemeat  and Bodyguard .[459][461]
Other technological and engineering feats achieved during, or as a result of, the war include the world's
first programmable computers (Z3, Colossus , and ENIAC ), guided missiles  and modern rockets , the
Manhattan Project 's development of nuclear weapons , operations research , the development of artificial"
242,3,d7f03a24-a627-4fc5-abbb-bd7ac66c876e,116,"Manhattan Project 's development of nuclear weapons , operations research , the development of artificial
harbours , and oil pipelines under the English Channel .[462][463] Although penicillin  was discovered before
the war, the development  of industrial production technology as well as the mass production and use
began during the war .[464]
Lists of W orld W ar II topics
World W ar III – Hypothetical future global conflict
a. While various other dates  have been proposed as the date on which W orld W ar II began or
ended, this is the period most frequently cited.
b. Often abbreviated as WWII  or WW2
c. The UK declared war on Germany  at 11 am. France followed 6 hours later  at 5 pm.
d. Reparations were exacted from East Germany , Hungary , Romania , and Bulgaria  using
Soviet-dominated joint enterprises. The Soviet Union also instituted trading arrangements
deliberately designed to favour the country . Moscow controlled the Communist parties that"
243,3,d7f03a24-a627-4fc5-abbb-bd7ac66c876e,117,"deliberately designed to favour the country . Moscow controlled the Communist parties that
ruled the satellite states, and they followed orders from the Kremlin. Historian Mark Kramer
concludes: ""The net outflow of resources from eastern Europe to the Soviet Union was
approximately $15 billion to $20 billion in the first decade after W orld W ar II, an amount
See also
Notes
roughly equal to the total aid provided by the United States to western Europe under the
Marshall Plan .""
1. Weinberg 2005 , p. 6.
2. Ferris, John; Mawdsley , Evan (2015). The
Cambridge History of the Second World
War, Volume I: Fighting the W ar.
Cambridge : Cambridge University Press .
3. Förster & Gessler 2005 , p. 64.
4. Ghuhl, W ernar (2007) Imperial Japan's
World W ar Two. Transaction Publishers,
pp. 7, 30.
5. Polmar , Norman; Allen, Thomas B. (1991)
World W ar II: America at W ar, 1941–1945 .
ISBN  978-0-3945-8530-7
6. Ben-Horin 1943 , p. 169; Taylor 1979 ,
p. 124; Yisreelit, Hevrah Mizrahit (1965)."
244,3,d7f03a24-a627-4fc5-abbb-bd7ac66c876e,118,"ISBN  978-0-3945-8530-7
6. Ben-Horin 1943 , p. 169; Taylor 1979 ,
p. 124; Yisreelit, Hevrah Mizrahit (1965).
Asian and African Studies , p. 191.
For 1941 see Taylor 1961 , p. vii; Kellogg,
William O. (2003) American History the
Easy W ay. Barron's Educational Series, p.
236. ISBN  978-0-7641-1973-6 .
There is also the viewpoint that both W orld
War I and W orld W ar II were part of the
same "" European Civil W ar"" or "" Second
Thirty Years' W ar"": Canfora 2006 , p. 155;
Prins 2002 , p. 11.
7. Beevor 2012 , p. 10.
8. ""In Many W ays, Author Says, Spanish Civil
War Was 'The First Battle Of WWII' "" (http
s://www .npr.org/2017/03/10/519462137/in-
many-ways-author-says-spanish-civil-war-
was-the-first-battle-of-wwii) . Fresh Air.
NPR. 10 March 2017. Archived  (https://we
b.archive.org/web/20210416013707/http
s://www .npr.org/2017/03/10/519462137/in-
many-ways-author-says-spanish-civil-war-
was-the-first-battle-of-wwii)  from the
original on 16 April 2021 . Retrieved
16 April 2021 ."
245,3,d7f03a24-a627-4fc5-abbb-bd7ac66c876e,119,"many-ways-author-says-spanish-civil-war-
was-the-first-battle-of-wwii)  from the
original on 16 April 2021 . Retrieved
16 April 2021 .
9. Frank, Willard C. (1987). ""The Spanish
Civil W ar and the Coming of the Second
World W ar"". The International History
Review . 9 (3): 368– 409.
doi:10.1080/07075332.1987.9640449  (http
s://doi.org/10.1080%2F07075332.1987.96
40449) . JSTOR 40105814  (https://www .jst
or.org/stable/40105814) .
10. Masaya 1990 , p. 4.11. ""Treaty on the Final Settlement with
Respect to Germany""  (https://web.archive.
org/web/20120507180629/https://usa.use
mbassy .de/etexts/2plusfour8994e.htm) .
usa.usembassy .de. 12 September 1990.
Archived from the original  (https://usa.use
mbassy .de/etexts/2plusfour8994e.htm)  on
7 May 2012 . Retrieved 6 May  2012 .
12. ""Why Japan and Russia never signed a
WWII peace treaty""  (https://asiatimes.com/
article/fact-box-japan-russia-never-signed-
wwii-peace-treaty/) . Asia T imes . Reuters.
15 December 2016. Archived  (https://web."
246,3,d7f03a24-a627-4fc5-abbb-bd7ac66c876e,120,"article/fact-box-japan-russia-never-signed-
wwii-peace-treaty/) . Asia T imes . Reuters.
15 December 2016. Archived  (https://web.
archive.org/web/20180604072306/https://
www .atimes.com/article/fact-box-japan-rus
sia-never-signed-wwii-peace-treaty)  from
the original on 4 June 2018.
13. ""Texts of Soviet–Japanese Statements;
Peace Declaration Trade Protocol""  (https://
www .nytimes.com/1956/10/20/archives/tex
ts-of-sovietjapanese-statements-peace-de
claration-trade-protocol.html) . The New
York T imes . 20 October 1956. p.  2.
Archived  (https://web.archive.org/web/202
11209133402/https://www .nytimes.com/19
56/10/20/archives/texts-of-sovietjapanese-
statements-peace-declaration-trade-protoc
ol.html)  from the original on 9 December
2021.
14. Gilbert, Martin (1994). The First World
War: A Complete History . New York City:
Henry Holt and Company . pp. 527– 532.
ISBN  9780805076172 .
15. Gerwarth, Robert (21 January 2019).
""Paris Peace Treaties failed to create a"
247,3,d7f03a24-a627-4fc5-abbb-bd7ac66c876e,121,"Henry Holt and Company . pp. 527– 532.
ISBN  9780805076172 .
15. Gerwarth, Robert (21 January 2019).
""Paris Peace Treaties failed to create a
secure, peaceful and lasting world order""
(https://www .irishtimes.com/culture/heritag
e/paris-peace-treaties-failed-to-create-a-se
cure-peaceful-and-lasting-world-order-1.37
45849) . The Irish T imes . Archived  (https://
web.archive.org/web/20210814213229/htt
ps://www .irishtimes.com/culture/heritage/p
aris-peace-treaties-failed-to-create-a-secur
e-peaceful-and-lasting-world-order-1.3745
849) from the original on 14 August 2021 .
Retrieved 29 October  2021 .Refer ences
16. Ingram 2006 , pp. 76–78  (https://books.goo
gle.com/books?id=bREQibN9i-sC&pg=P A7
6).
17. Kantowicz 1999 , p. 149.
18. Shaw 2000 , p. 35.
19. Brody 1999 , p. 4.
20. Zalampas 1989 , p. 62.
21. Mandelbaum 1988 , p. 96; Record 2005 ,
p. 50.
22. Schmitz 2000 , p. 124.
23. Adamthwaite 1992 , p. 52.
24. Shirer 1990 , pp. 298–299.
25. Preston 1998 , p. 104."
248,3,d7f03a24-a627-4fc5-abbb-bd7ac66c876e,122,"p. 50.
22. Schmitz 2000 , p. 124.
23. Adamthwaite 1992 , p. 52.
24. Shirer 1990 , pp. 298–299.
25. Preston 1998 , p. 104.
26. Myers & Peattie 1987 , p. 458.
27. Smith & Steadman 2004 , p. 28.
28. Coogan 1993 : ""Although some Chinese
troops in the Northeast managed to retreat
south, others were trapped by the
advancing Japanese Army and were faced
with the choice of resistance in defiance of
orders, or surrender . A few commanders
submitted, receiving high of fice in the
puppet government, but others took up
arms against the invader . The forces they
commanded were the first of the volunteer
armies.""
29. Busky 2002 , p. 10.
30. Stanton, Andrea L.; Ramsamy , Edward;
Seybolt, Peter J. (2012). Cultural
Sociology of the Middle East, Asia, and
Africa: An Encyclopedia  (https://books.goo
gle.com/books?id=GtCL2OYsH6wC) .
p. 308. ISBN  978-1-4129-8176-7 . Archived
(https://web.archive.org/web/20230307201
327/https://books.google.com/books?id=Gt
CL2OYsH6wC)  from the original on 7"
249,3,d7f03a24-a627-4fc5-abbb-bd7ac66c876e,123,"(https://web.archive.org/web/20230307201
327/https://books.google.com/books?id=Gt
CL2OYsH6wC)  from the original on 7
March 2023 . Retrieved 6 April 2014 .
31. Barker 1971 , pp. 131–132.
32. Shirer 1990 , p. 289.
33. Kitson 2001 , p. 231.
34. Neulen 2000 , p. 25.
35. Payne 2008 , p. 271.
36. Payne 2008 , p. 146.
37. Eastman 1986 , pp. 547–551.
38. Paine, Sarah (2012). The W ars for Asia,
1911–1949 . Cambridge University Press.39. Tucker , Spencer C. (2009). A Global
Chronology of Conflict: From the Ancient
World to the Modern Middle East [6
volumes ]: From the Ancient World to the
Modern Middle East  (https://books.google.
com/books?id=h5_tSnygvbIC&pg=P A187
3). ABC-CLIO. ISBN  978-1-8510-9672-5 .
Archived  (https://web.archive.org/web/202
30307201303/https://books.google.com/bo
oks?id=h5_tSnygvbIC&pg=P A1873)  from
the original on 7 March 2023 . Retrieved
27 August  2017  – via Google Books.
40. Hsu & Chang 1971 , pp. 195–200 .
41. Dorn, Frank (1974). The Sino-Japanese"
250,3,d7f03a24-a627-4fc5-abbb-bd7ac66c876e,124,"27 August  2017  – via Google Books.
40. Hsu & Chang 1971 , pp. 195–200 .
41. Dorn, Frank (1974). The Sino-Japanese
War, 1937–1941 . Macmillan.
42. Wakabayashi, Bob (2007). The Nanking
Atrocity , 1937–1938: Complicating the
Picture . Berghahn Books. p.  384.
43. Levene, Mark and Roberts, Penny . The
Massacre in History . 1999, pp. 223–224
44. Totten, Samuel. Dictionary of Genocide .
2008, 298–299.
45. Hsu & Chang 1971 , pp. 221–230.
46. Eastman 1986 , p. 566.
47. Taylor 2009 , pp. 150–152.
48. Sella 1983 , pp. 651–687.
49. Mitter , Rana (2013). Forgotten Ally.
Houghton Mif flin Harcourt.
50. Paine, Sarah. The W ars for Asia.
Cambridge University Press. p.  185.
51. Beevor 2012 , p. 342.
52. Goldman, Stuart D. (28 August 2012). ""The
Forgotten Soviet-Japanese W ar of 1939""
(https://thediplomat.com/2012/08/the-forgo
tten-soviet-japanese-war-of-1939) . The
Diplomat . Archived  (https://web.archive.or
g/web/20150629092821/https://thediploma
t.com/2012/08/the-forgotten-soviet-japanes"
251,3,d7f03a24-a627-4fc5-abbb-bd7ac66c876e,125,"Diplomat . Archived  (https://web.archive.or
g/web/20150629092821/https://thediploma
t.com/2012/08/the-forgotten-soviet-japanes
e-war-of-1939)  from the original on 29
June 2015 . Retrieved 26 June  2015 .
53. Neeno, Timothy . ""Nomonhan: The Second
Russo-Japanese W ar"" (https://www .military
historyonline.com/20thcentury/articles/nom
onhan.aspx) . MilitaryHistoryOnline.com.
Archived  (https://web.archive.org/web/200
51124070956/https://www .militaryhistoryon
line.com/20thcentury/articles/nomonhan.as
px) from the original on 24 November
2005 . Retrieved 26 June  2015 .
54. Collier & Pedley 2000 , p. 144.
55. Kershaw 2001 , pp. 121–122.
56. Kershaw 2001 , p. 157.
57. Davies 2006 , pp. 143–144 (2008 ed.).
58. Shirer 1990 , pp. 461–462.
59. Lowe & Marzari 2002 , p. 330.
60. Dear & Foot 2001 , p. 234.
61. Shirer 1990 , p. 471.
62. Shore 2003 , p. 108.
63. Watson, Derek (2000). ""Molotov's
Apprenticeship in Foreign Policy: The
Triple Alliance Negotiations in 1939""."
252,3,d7f03a24-a627-4fc5-abbb-bd7ac66c876e,126,"62. Shore 2003 , p. 108.
63. Watson, Derek (2000). ""Molotov's
Apprenticeship in Foreign Policy: The
Triple Alliance Negotiations in 1939"".
Europe-Asia Studies . 52 (4): 695– 722.
doi:10.1080/713663077  (https://doi.org/10.
1080%2F713663077) . JSTOR 153322  (htt
ps://www .jstor .org/stable/153322) .
S2CID  144385167  (https://api.semanticsch
olar.org/CorpusID:144385167) .
64. Dear & Foot 2001 , p. 608.
65. Weinberg 1995 , pp. 37–42.
66. Kershaw 2001 , p. 216.
67. Kershaw 2001 , pp. 218–219.
68. ""Historyczna fotografia było pozowaną
""ustawką""!""  (https://www .polskieradio.pl/10/
512/artykul/715295,historyczna-fotografia-
bylo-pozowana-ustawka) . PolskieRadio.pl
(in Polish). Archived  (https://web.archive.or
g/web/20250703014357/https://www .polski
eradio.pl/10/512/artykul/715295,historyczn
a-fotografia-bylo-pozowana-ustawka)  from
the original on 3 July 2025 . Retrieved
18 March  2025 .
69. Evans 2008 , pp. 1–2.
70. Zabecki, David T. (2015). World W ar II in"
253,3,d7f03a24-a627-4fc5-abbb-bd7ac66c876e,127,"the original on 3 July 2025 . Retrieved
18 March  2025 .
69. Evans 2008 , pp. 1–2.
70. Zabecki, David T. (2015). World W ar II in
Europe: An Encyclopedia  (https://books.go
ogle.com/books?id=Mq_lCAAAQBAJ&pg=
PT1663) . Routledge. p.  1663. ISBN  978-1-
1358-1242-3 . Archived  (https://web.archiv
e.org/web/20230307201256/https://books.
google.com/books?id=Mq_lCAAAQBAJ&p
g=PT1663)  from the original on 7 March
2023 . Retrieved 17 June  2019 . ""The
earliest fighting started at 0445 hours
when marines from the battleship
Schleswig-Holstein attempted to storm a
small Polish fort in Danzig, the
Westerplate ""71. Keegan 1997 , p. 35.
Cienciala 2010 , p. 128, observes that,
while it is true that Poland was far away ,
making it dif ficult for the French and British
to provide support, ""[f]ew W estern
historians of W orld W ar II ... know that the
British had committed to bomb Germany if
it attacked Poland, but did not do so
except for one raid on the base of
Wilhelmshaven. The French, who"
254,3,d7f03a24-a627-4fc5-abbb-bd7ac66c876e,128,"British had committed to bomb Germany if
it attacked Poland, but did not do so
except for one raid on the base of
Wilhelmshaven. The French, who
committed to attacking Germany in the
west, had no intention of doing so.""
72. Beevor 2012 , p. 32; Dear & Foot 2001 ,
pp. 248–249 ; Roskill 1954 , p. 64.
73. ""Battle of the Atlantic""  (https://www .history .
co.uk/history-of-ww2/battle-of-the-atlantic) .
Sky HIST ORY TV channel . Archived  (http
s://web.archive.org/web/20220520073745/
https://www .history .co.uk/history-of-ww2/ba
ttle-of-the-atlantic)  from the original on 20
May 2022 . Retrieved 11 July  2022 .
74. Zaloga 2002 , pp. 80, 83.
75. Ginsburgs, George (1958). ""A  Case Study
in the Soviet Use of International Law:
Eastern Poland in 1939"". The American
Journal of International Law . 52 (1): 69–84.
doi:10.2307/2195670  (https://doi.org/10.23
07%2F2195670) . JSTOR 2195670  (https://
www .jstor .org/stable/2195670) .
S2CID  146904066  (https://api.semanticsch"
255,3,d7f03a24-a627-4fc5-abbb-bd7ac66c876e,129,"07%2F2195670) . JSTOR 2195670  (https://
www .jstor .org/stable/2195670) .
S2CID  146904066  (https://api.semanticsch
olar.org/CorpusID:146904066) .
76. Hempel 2005 , p. 24.
77. Zaloga 2002 , pp. 88–89.
78. ""Major international events of 1939, with
explanation""  (https://www .ibiblio.org/pha/ev
ents/1939.html) . Ibiblio.org. Archived  (http
s://web.archive.org/web/20130310103815/
https://www .ibiblio.org/pha/events/1939.ht
ml) from the original on 10 March 2013 .
Retrieved 9 May  2013 .
79. Nuremberg Documents C-62/GB86, a
directive from Hitler in October 1939 which
concludes: ""The attack [on France] is to be
launched this Autumn if conditions are at
all possible.""
80. Liddell Hart 1977 , pp. 39–40.
81. Bullock 1990 , pp. 563–564, 566, 568–569,
574–575 (1983 ed.).
82. Deighton, Len  (1979). Blitzkrieg: From the
Rise of Hitler to the Fall of Dunkirk .
Jonathan Cape. pp.  186– 187. ISBN  978-0-
2240-1648-3 . Deighton states that ""the
offensive was postponed twenty-nine times"
256,3,d7f03a24-a627-4fc5-abbb-bd7ac66c876e,130,"Jonathan Cape. pp.  186– 187. ISBN  978-0-
2240-1648-3 . Deighton states that ""the
offensive was postponed twenty-nine times
before it finally took place.""
83. Smith et al. 2002 , p. 24.
84. Bilinsky 1999 , p. 9.
85. Murray & Millett 2001 , pp. 55–56.
86. Spring 1986 , pp. 207–226.
87. van Dyke, Carl (1997). The Soviet Invasion
of Finland . Portland, Oregon: Frank Cass
Publishers. p.  71. ISBN  978-0-7146-4753-
1.
88. Hanhimäki 1997 , p. 12.
89. Dear & Foot 2001 , pp. 745, 975.
90. Haynes, Rebecca (2000). Romanian policy
towards Germany , 1936–40  (https://books.
google.com/books?id=b_I-AQAAIAAJ) .
Palgrave Macmillan . p. 205. ISBN  978-0-
3122-3260-3 . Archived  (https://web.archiv
e.org/web/20230307201243/https://books.
google.com/books?id=b_I-AQAAIAAJ)
from the original on 7 March 2023 .
Retrieved 3 February  2022 .
91. Deletant, pp. 48–51, 66; Grif fin (1993), p.
126; Ornea, pp. 325–327
92. Ferguson 2006 , pp. 367, 376, 379, 417.
93. Snyder 2010 , pp. 118ff."
257,3,d7f03a24-a627-4fc5-abbb-bd7ac66c876e,131,"91. Deletant, pp. 48–51, 66; Grif fin (1993), p.
126; Ornea, pp. 325–327
92. Ferguson 2006 , pp. 367, 376, 379, 417.
93. Snyder 2010 , pp. 118ff.
94. Koch 1983 , pp. 912–914, 917–920.
95. Roberts 2006 , p. 56.
96. Roberts 2006 , p. 59.
97. Murray & Millett 2001 , pp. 57–63 .
98. Commager 2004 , p. 9.
99. Reynolds 2006 , p. 76.
100. Evans 2008 , pp. 122–123.
101. Keegan 1997 , pp. 59–60.
102. Regan 2004 , p. 152.
103. Liddell Hart 1977 , p. 48.
104. Keegan 1997 , pp. 66–67.
105. Overy & Wheatcroft 1999 , p. 207.
106. Umbreit 1991 , p. 311.
107. Brown 2004 , p. 198.
108. Keegan 1997 , p. 72 (https://books.google.c
om/books?id=TF8kcx9hT ssC&pg=P A72) .
109. Murray 1983 , The Battle of Britain  (https://
www .ibiblio.org/hyperwar/AAF/AAF-Luftwaf
fe/AAF-Luftwaf fe-2.html#cn70) .
110. Dear & Foot 2001 , pp. 108–109.111. Goldstein 2004 , p. 35
112. Steury 1987 , p. 209; Zetterling &
Tamelander 2009 , p. 282.
113. Overy & Wheatcroft 1999 , pp. 328–330.
114. Maingot 1994 , p. 52."
258,3,d7f03a24-a627-4fc5-abbb-bd7ac66c876e,132,"112. Steury 1987 , p. 209; Zetterling &
Tamelander 2009 , p. 282.
113. Overy & Wheatcroft 1999 , pp. 328–330.
114. Maingot 1994 , p. 52.
115. ""The United States: Isolation-Intervention""
(https://web.archive.org/web/20260407071
223/https://encyclopedia.ushmm.org/conte
nt/en/article/the-united-states-isolation-inte
rvention) . Holocaust Encyclopedia .
Archived from the original  (https://encyclop
edia.ushmm.org/content/en/article/the-unit
ed-states-isolation-intervention)  on 7 April
2026 . Retrieved 7 April 2026 . ""Public
opinion polls between 1939–1941
consistently showed that Americans did
not favor declaring preemptive war on
Germany ...""
116. ""Major international events of 1940, with
explanation""  (https://www .ibiblio.org/pha/ev
ents/1940.html) . Ibiblio.org. Archived  (http
s://web.archive.org/web/20130525060313/
https://www .ibiblio.org/pha/events/1940.ht
ml) from the original on 25 May 2013.
117. Skinner W atson, Mark. ""Coordination With"
259,3,d7f03a24-a627-4fc5-abbb-bd7ac66c876e,133,"https://www .ibiblio.org/pha/events/1940.ht
ml) from the original on 25 May 2013.
117. Skinner W atson, Mark. ""Coordination With
Britain""  (https://www .ibiblio.org/hyperwar/U
SA/USA-WD-Plans/USA-WD-Plans-12.htm
l). US Army in WWII – Chief of Staff:
Prewar Plans and Operations . Archived  (ht
tps://web.archive.org/web/2013043000154
9/https://www .ibiblio.org/hyperwar/USA/US
A-WD-Plans/USA-WD-Plans-12.html)  from
the original on 30 April 2013 . Retrieved
13 May  2013 .
118. Bilhartz & Elliott 2007 , p. 179.
119. Dear & Foot 2001 , p. 877.
120. Dear & Foot 2001 , pp. 745–746.
121. Clogg 2002 , p. 118.
122. Evans 2008 , pp. 146, 152 ; US Army 1986 ,
pp. 4–6 (https://web.archive.org/web/2025
0123181 154/https://www .history .army .mil/b
ooks/wwii/balkan/20_260_1.htm)
123. Jowett 2001 , pp. 9–10.
124. Jackson 2006 , p. 106.
125. Laurier 2001 , pp. 7–8.
126. Murray & Millett 2001 , pp. 263–276.
127. Beevor 2012 , pp. 224–228.
128. Gilbert 1989 , pp. 174–175.
129. Gilbert 1989 , pp. 184–187."
260,3,d7f03a24-a627-4fc5-abbb-bd7ac66c876e,134,"126. Murray & Millett 2001 , pp. 263–276.
127. Beevor 2012 , pp. 224–228.
128. Gilbert 1989 , pp. 174–175.
129. Gilbert 1989 , pp. 184–187.
130. Beevor 2012 , pp. 421–425.
131. Gilbert 1989 , pp. 208, 575, 604.
132. Watson 2003 , p. 80.
133. Morrisey , Will (2019). ""What Churchill and
De Gaulle learned from the Great W ar"".
Winston Churchill . Routledge. pp.  119–
126. doi:10.4324/9780429027642-6  (http
s://doi.org/10.4324%2F9780429027642-6) .
ISBN  978-0-4290-2764-2 .
S2CID  189257503  (https://api.semanticsch
olar.org/CorpusID:189257503) .
134. Garver 1988 , p. 114.
135. Weinberg 2005 , p. 195.
136. Murray 1983 , p. 69 (https://www .ibiblio.org/
hyperwar/AAF/AAF-Luftwaf fe/AAF-Luftwaf f
e-3.html) .
137. Förster 1998 , p. 26.
138. Förster 1998 , pp. 38–42 .
139. Shirer 1990 , pp. 810–812.
140. Klooz, Marle; Wiley , Evelyn (1944). Events
leading up to World W ar II – Chronological
History  (https://www .ibiblio.org/pha/event
s). 78th Congress, 2d Session – House"
261,3,d7f03a24-a627-4fc5-abbb-bd7ac66c876e,135,"leading up to World W ar II – Chronological
History  (https://www .ibiblio.org/pha/event
s). 78th Congress, 2d Session – House
Document N. 541. Director: Humphrey ,
Richard A. W ashington, DC: US
Government Printing Of fice. pp. 267–312
(1941  (https://www .ibiblio.org/pha/events/1
941.html) ). Archived  (https://web.archive.or
g/web/201312141 13907/https://www .ibibli
o.org/pha/events)  from the original on 14
December 2013 . Retrieved 9 May  2013 .
141. Sella 1978 , p. 555.
142. Kershaw 2007 , pp. 66–69.
143. Steinberg 1995 .
144. Hauner 1978 .
145. Roberts 1995 .
146. Snyder 2010 , pp. 176–180.
147. Wilt 1981 .
148. Erickson 2003 , pp. 114–137.
149. Glantz 2001 , p. 9.
150. Farrell 1993 .
151. Keeble 1990 , p. 29.
152. Beevor 2012 , p. 220.
153. Bueno de Mesquita et al. 2003 , p. 425.
154. Kleinfeld 1983 .
155. Jukes 2001 , p. 113.156. Glantz 2001 , p. 26: ""By 1 November [the
Wehrmacht] had lost fully 20% of its
committed strength (686,000 men), up to"
262,3,d7f03a24-a627-4fc5-abbb-bd7ac66c876e,136,"155. Jukes 2001 , p. 113.156. Glantz 2001 , p. 26: ""By 1 November [the
Wehrmacht] had lost fully 20% of its
committed strength (686,000 men), up to
2/3 of its ½  million motor vehicles, and 65
percent of its tanks. The German Army
High Command (OKH) rated its 136
divisions as equivalent to 83 full-strength
divisions.""
157. Reinhardt 1992 , p. 227.
158. Milward 1964 .
159. Rotundo 1986 .
160. Glantz 2001 , p. 26.
161. Deighton, Len (1993). Blood, T ears and
Folly  (https://archive.org/details/bloodtearsf
ollyo0000deig_v3m3) . London: Pimlico.
p. 479 (https://archive.org/details/bloodtear
sfollyo0000deig_v3m3/page/479) .
ISBN  978-0-7126-6226-0 .
162. Beevor 1998 , pp. 41–42 ; Evans 2008 ,
pp. 213–214 , notes that ""Zhukov had
pushed the Germans back where they had
launched Operation Typhoon two months
before.  ... Only Stalin's decision to attack
all along the front instead of concentrating
his forces in an all-out assault against the
retreating German Army Group Centre"
263,3,d7f03a24-a627-4fc5-abbb-bd7ac66c876e,137,"all along the front instead of concentrating
his forces in an all-out assault against the
retreating German Army Group Centre
prevented the disaster from being even
worse.""
163. ""Peace and W ar: United States Foreign
Policy , 1931–1941""  (https://www .ibiblio.org/
pha/paw) . U.S. Department of State
Publication  (1983): 87–97. 1983. Archived
(https://web.archive.org/web/202201 14073
007/http://www .ibiblio.org/pha/paw)  from
the original on 14 January 2022 . Retrieved
17 February  2022 .
164. Maechling, Charles. Pearl Harbor: The
First Energy W ar. History Today .
December 2000
165. Jowett & Andrew 2002 , p. 14.
166. Overy & Wheatcroft 1999 , p. 289.
167. Frank 2020 , p. 161.
168. Paine, Sarah (2012). The W ars for Asia,
1911–1949 . Cambridge University Press.
p. 155.
169. Joes 2004 , p. 224.
170. Fairbank & Goldman 2006 , p. 320.
171. Hsu & Chang 1971 , p. 30.
172. Hsu & Chang 1971 , p. 33.
173. ""Japanese Policy and Strategy 1931 – July
1941""  (https://www .ibiblio.org/hyperwar/US"
264,3,d7f03a24-a627-4fc5-abbb-bd7ac66c876e,138,"172. Hsu & Chang 1971 , p. 33.
173. ""Japanese Policy and Strategy 1931 – July
1941""  (https://www .ibiblio.org/hyperwar/US
A/USA-P-Strategy/Strategy-2.html) . US
Army in WWII – Strategy and Command:
The First T wo Years. pp. 45–66. Archived
(https://web.archive.org/web/20130106021
700/https://www .ibiblio.org/hyperwar/USA/
USA-P-Strategy/Strategy-2.html)  from the
original on 6 January 2013 . Retrieved
15 May  2013 .
174. Anderson 1975 , p. 201.
175. Evans & Peattie 2012 , p. 456.
176. Coox, Alvin (1985). Nomonhan: Japan
against Russia, 1939 . Stanford, California:
Stanford University Press. pp.  1046– 1049.
ISBN  978-0-8047-1835-6 .
177. ""The decision for W ar"" (https://www .ibiblio.
org/hyperwar/USA/USA-P-Strategy/Strateg
y-5.html) . US Army in WWII – Strategy ,
and Command: The First T wo Years.
pp. 113–127. Archived  (https://web.archive.
org/web/20130525064812/https://www .ibibl
io.org/hyperwar/USA/USA-P-Strategy/Strat
egy-5.html)  from the original on 25 May"
265,3,d7f03a24-a627-4fc5-abbb-bd7ac66c876e,139,"org/web/20130525064812/https://www .ibibl
io.org/hyperwar/USA/USA-P-Strategy/Strat
egy-5.html)  from the original on 25 May
2013 . Retrieved 15 May  2013 .
178. ""The Showdown With Japan Aug–Dec
1941""  (https://www .ibiblio.org/hyperwar/US
A/USA-WD-Strategic1/USA-WD-Strategic1
-4.html) . US Army in WWII – Strategic
Planning for Coalition W arfare . pp. 63–96.
Archived  (https://web.archive.org/web/201
21109144920/https://www .ibiblio.org/hyper
war/USA/USA-WD-Strategic1/USA-WD-Str
ategic1-4.html)  from the original on 9
November 2012 . Retrieved 15 May  2013 .
179. Bix 2000 , pp. 399–414.
180. Kitano, Ryuichi (6 December 2021). ""Diary:
Hirohito prepared for U.S. war before Pearl
Harbor attack""  (https://www .asahi.com/ajw/
articles/14496398) . The Asahi Shimbun .
Archived  (https://web.archive.org/web/202
20417192302/https://www .asahi.com/ajw/a
rticles/14496398)  from the original on 17
April 2022 . Retrieved 8 June  2022 .
181. Fujiwara, Akira (1991). Shōwa tennō no"
266,3,d7f03a24-a627-4fc5-abbb-bd7ac66c876e,140,"rticles/14496398)  from the original on 17
April 2022 . Retrieved 8 June  2022 .
181. Fujiwara, Akira (1991). Shōwa tennō no
jūgo-nen sensō . p. 126, citing Kenji
Tomita's diary .
182. Bix 2000 , pp. 417–420.
183. Bix 2000 , p. 418.184. Wetzler , Peter (1998). Hirohito and W ar:
Imperial T radition and Military Decision
Making in Prewar Japan  (https://books.goo
gle.com/books?id=BWqEkwH1KRMC&pg=
PA29) . University of Hawaiʻi Press. pp.  29,
35. ISBN  978-0-8248-1925-5 . Archived  (htt
ps://web.archive.org/web/2024031518205
3/https://books.google.com/books?id=BWq
EkwH1KRMC&pg=P A29)  from the original
on 15 March 2024 . Retrieved 15 January
2024 .
185. Bix 2000 , p. 424.
186. ""The United States Replies""  (https://web.ar
chive.org/web/20130429222741/https://ww
w.ibiblio.org/pha/pha/congress/app-d.html#
363). Pearl Harbor Archive . Archived from
the original  (http://www .ibiblio.org/pha/pha/
congress/app-d.html#363)  on 29 April
2013.
187. Painter 2012 , p. 26: ""The United States cut"
267,3,d7f03a24-a627-4fc5-abbb-bd7ac66c876e,141,"the original  (http://www .ibiblio.org/pha/pha/
congress/app-d.html#363)  on 29 April
2013.
187. Painter 2012 , p. 26: ""The United States cut
off oil exports to Japan in the summer of
1941, forcing Japanese leaders to choose
between going to war to seize the oil fields
of the Netherlands East Indies or giving in
to US pressure.""
188. Wood 2007 , p. 9, listing various military
and diplomatic developments, observes
that ""the threat to Japan was not purely
economic.""
189. Lightbody 2004 , p. 125.
190. Weinberg 2005 , p. 310
191. Wood 2007 , pp. 11–12.
192. Wohlstetter 1962 , pp. 341–343.
193. Keegan, John  (1989) The Second World
War. New York: V iking. pp. 256–257.
ISBN  978-0-3995-0434-1
194. Dunn 1998 , p. 157. According to May
1955 , p. 155, Churchill stated: ""Russian
declaration of war on Japan would be
greatly to our advantage, provided, but
only provided, that Russians are confident
that will not impair their W estern Front.""
195. Adolf Hitler's Declaration of W ar against"
268,3,d7f03a24-a627-4fc5-abbb-bd7ac66c876e,142,"only provided, that Russians are confident
that will not impair their W estern Front.""
195. Adolf Hitler's Declaration of W ar against
the United States  in Wikisource.
196. Klooz, Marle; Wiley , Evelyn (1944). Events
leading up to World W ar II – Chronological
History  (https://www .ibiblio.org/pha/event
s). 78th Congress, 2d Session – House
Document N. 541. Director: Humphrey ,
Richard A. W ashington, DC: US
Government Printing Of fice. p. 310 ( 1941
(https://www .ibiblio.org/pha/events/1941.ht
ml)). Archived  (https://web.archive.org/we
b/201312141 13907/https://www .ibiblio.org/
pha/events)  from the original on 14
December 2013 . Retrieved 9 May  2013 .
197. Bosworth & Maiolo 2015 , pp. 313–314.
198. Mingst & Karns 2007 , p. 22.
199. Shirer 1990 , p. 904.
200. ""The First Full Dress Debate over Strategic
Deployment. Dec 1941 – Jan 1942""  (http
s://www .ibiblio.org/hyperwar/USA/USA-WD
-Strategic1/USA-WD-Strategic1-5.html) .
US Army in WWII – Strategic Planning for"
269,3,d7f03a24-a627-4fc5-abbb-bd7ac66c876e,143,"s://www .ibiblio.org/hyperwar/USA/USA-WD
-Strategic1/USA-WD-Strategic1-5.html) .
US Army in WWII – Strategic Planning for
Coalition W arfare . pp. 97–119. Archived  (ht
tps://web.archive.org/web/20121 10914503
3/https://www .ibiblio.org/hyperwar/USA/US
A-WD-Strategic1/USA-WD-Strategic1-5.ht
ml) from the original on 9 November 2012 .
Retrieved 16 May  2013 .
201. ""The Elimination of the Alternatives. Jul–
Aug 1942""  (https://www .ibiblio.org/hyperwa
r/USA/USA-WD-Strategic1/USA-WD-Strat
egic1-12.html) . US Army in WWII –
Strategic Planning for Coalition W arfare .
pp. 266– 292. Archived  (https://web.archiv
e.org/web/20130430013447/https://www .ib
iblio.org/hyperwar/USA/USA-WD-Strategic
1/USA-WD-Strategic1-12.html)  from the
original on 30 April 2013 . Retrieved
16 May  2013 .
202. ""Casablanca – Beginning of an Era:
January 1943""  (https://www .ibiblio.org/hyp
erwar/USA/USA-WD-Strategic2/USA-WD-
Strategic2-1.html) . US Army in WWII –
Strategic Planning for Coalition W arfare ."
270,3,d7f03a24-a627-4fc5-abbb-bd7ac66c876e,144,"erwar/USA/USA-WD-Strategic2/USA-WD-
Strategic2-1.html) . US Army in WWII –
Strategic Planning for Coalition W arfare .
pp. 18–42. Archived  (https://web.archive.or
g/web/20130525075310/https://www .ibibli
o.org/hyperwar/USA/USA-WD-Strategic2/
USA-WD-Strategic2-1.html)  from the
original on 25 May 2013 . Retrieved 16 May
2013 .203. ""The Trident Conference – New Patterns:
May 1943""  (https://www .ibiblio.org/hyperwa
r/USA/USA-WD-Strategic2/USA-WD-Strat
egic2-6.html) . US Army in WWII –
Strategic Planning for Coalition W arfare .
pp. 126– 145. Archived  (https://web.archiv
e.org/web/20130525100621/https://www .ib
iblio.org/hyperwar/USA/USA-WD-Strategic
2/USA-WD-Strategic2-6.html)  from the
original on 25 May 2013 . Retrieved 16 May
2013 .
204. Grove 1995 , p. 362.
205. Slim 1956 , pp. 71–74.
206. Lewis 1953 , p. 529 (T able 1 1).
207. Beevor 2012 , pp. 247–267, 345.
208. Ch'i 1992 , p. 158.
209. Perez 1998 , p. 145.
210. Maddox 1992 , pp. 111–112.
211. Salecker 2001 , p. 186."
271,3,d7f03a24-a627-4fc5-abbb-bd7ac66c876e,145,"207. Beevor 2012 , pp. 247–267, 345.
208. Ch'i 1992 , p. 158.
209. Perez 1998 , p. 145.
210. Maddox 1992 , pp. 111–112.
211. Salecker 2001 , p. 186.
212. Schoppa 201 1, p. 28.
213. Chevrier & Chomiczewski & Garrigue 2004
(https://books.google.com/books?id=lILltX
BTo8oC&pg=P A19) , p. 19.
214. Ropp 2000 , p. 368.
215. Weinberg 2005 , p. 339.
216. Gilbert, Adrian (2003). The Encyclopedia
of Warfare: From Earliest T imes to the
Present Day  (https://archive.org/details/en
cyclopediaofwa0000gilb/page/259) . Globe
Pequot. p.  259 (https://archive.org/details/e
ncyclopediaofwa0000gilb/page/259) .
ISBN  978-1-5922-8027-8 . Archived  (http
s://web.archive.org/web/20190719123035/
https://archive.org/details/encyclopediaofw
a0000gilb/page/259)  from the original on
19 July 2019 . Retrieved 26 June  2019 .
217. Swain 2001 , p. 197.
218. Paine, Sarah (2012). The W ars for Asia,
1911–1949 . Cambridge University Press.
p. 174.
219. Hane 2001 , p. 340.
220. Marston 2005 , p. 111."
272,3,d7f03a24-a627-4fc5-abbb-bd7ac66c876e,146,"218. Paine, Sarah (2012). The W ars for Asia,
1911–1949 . Cambridge University Press.
p. 174.
219. Hane 2001 , p. 340.
220. Marston 2005 , p. 111.
221. Brayley 2002 , p. 9.
222. Glantz 2001 , p. 31.
223. Read 2004 , p. 764.
224. Bellamy , Chris (2008). Absolute W ar.
225. Davies 2006 , p. 100 (2008 ed.).
226. Beevor 1998 , pp. 239–265.
227. Black 2003 , p. 119.
228. Beevor 1998 , pp. 383–391.
229. Erickson 2001 , p. 142.
230. Milner 1990 , p. 52.
231. Molinari 2007 , p. 91.
232. Mitcham 2007 , p. 31.
233. Beevor 2012 , pp. 380–381.
234. Rich 1992 , p. 178.
235. Gordon 2004 , p. 129.
236. Neillands 2005 , p. 60.
237. Keegan 1997 , p. 277.
238. Smith 2002 .
239. Thomas & Andrew 1998 , p. 8.
240. Ross 1997 , p. 38.
241. Bonner & Bonner 2001 , p. 24.
242. Collier 2003 , p. 11.
243. Padfield 1998 , pp. 335–336 .
244. ""The Civilians""  (https://www .ibiblio.org/hyp
erwar/AAF/USSBS/ET O-Summary .html#t
c). The United States Strategic Bombing
Survey: Summary Report (European W ar)."
273,3,d7f03a24-a627-4fc5-abbb-bd7ac66c876e,147,"erwar/AAF/USSBS/ET O-Summary .html#t
c). The United States Strategic Bombing
Survey: Summary Report (European W ar).
Washington DC: United States
Government Printing Of fice. 1946.
Archived  (https://web.archive.org/web/201
31105044932/https://www .ibiblio.org/hyper
war/AAF/USSBS/ET O-Summary .html#tc)
from the original on 5 November 2013 –
via Ibiblio.
245. Overy 1995 , pp. 119–120.
246. Thompson & Randall 2008 , p. 164.
247. Kennedy 2001 , p. 610.
248. Rottman 2002 , p. 228.
249. Glantz 1986 ; Glantz 1989 , pp. 149–159 .
250. Kershaw 2001 , p. 592.
251. O'Reilly 2001 , p. 32.
252. Bellamy 2007 , p. 595.
253. O'Reilly 2001 , p. 35.
254. Healy 1992 , p. 90.
255. Glantz 2001 , pp. 50–55.
256. Kolko 1990 , p. 45
257. Mazower 2008 , p. 362.
258. Hart, Hart & Hughes 2000 , p. 151.
259. Blinkhorn 2006 , p. 52.
260. Read & Fisher 2002 , p. 129.
261. Kolko 1990 , pp. 211, 235, 267–268 .
262. Iriye 1981 , p. 154.
263. Mitter 2014 , p. 286."
274,3,d7f03a24-a627-4fc5-abbb-bd7ac66c876e,148,"260. Read & Fisher 2002 , p. 129.
261. Kolko 1990 , pp. 211, 235, 267–268 .
262. Iriye 1981 , p. 154.
263. Mitter 2014 , p. 286.
264. Polley 2000 , p. 148.265. Beevor 2012 , pp. 268–274 .
266. Ch'i 1992 , p. 161.
267. Hsu & Chang 1971 , pp. 412–416, Map 38
268. Weinberg 2005 , pp. 660–661 .
269. Glantz 2002 , pp. 327–366 .
270. Glantz 2002 , pp. 367–414 .
271. Chubarov 2001 , p. 122.
272. Holland 2008 , pp. 169–184 ; Beevor 2012 ,
pp. 568–573 .
The weeks after the fall of Rome saw a
dramatic upswing in German atrocities in
Italy ( Mazower 2008 , pp. 500–502 ). The
period featured massacres with victims in
the hundreds at Civitella  (de Grazia &
Paggi 1991 ; Belco 2010 ), Fosse Ardeatine
(Portelli 2003 ), and Sant'Anna di Stazzema
(Gordon 2012 , pp. 10–1 1), and is capped
with the Marzabotto massacre .
273. Lightbody 2004 , p. 224.
274. Zeiler 2004 , p. 60.
275. Beevor 2012 , pp. 555–560 .
276. Ch'i 1992 , p. 163.
277. Coble 2003 , p. 85.
278. Rees 2008 , pp. 406–407 : ""Stalin always"
275,3,d7f03a24-a627-4fc5-abbb-bd7ac66c876e,149,"275. Beevor 2012 , pp. 555–560 .
276. Ch'i 1992 , p. 163.
277. Coble 2003 , p. 85.
278. Rees 2008 , pp. 406–407 : ""Stalin always
believed that Britain and America were
delaying the second front so that the
Soviet Union would bear the brunt of the
war.""
279. Weinberg 2005 , p. 695.
280. Badsey 1990 , p. 91.
281. Dear & Foot 2001 , p. 562.
282. Forrest, Evans & Gibbons 2012 , p. 191
283. Zaloga 1996 , p. 7: ""It was the most
calamitous defeat of all the German armed
forces in W orld W ar II.""
284. Berend 1996 , p. 8.
285. ""Slovak National Uprising 1944""  (https://w
ww.mzv.sk/documents/10182/2369491/BR
OZURA_70_VYROCIE_SNP_indd.pdf/007
d0f33-4aa1-4e3a-95ae-5ef5096360d3) .
Museum of the Slovak National Uprising .
Ministry of Foreign and European Affairs of
the Slovak Republic. Archived  (https://web.
archive.org/web/20200519024459/https://
www .mzv.sk/documents/10182/2369491/B
ROZURA_70_VYROCIE_SNP_indd.pdf/00
7d0f33-4aa1-4e3a-95ae-5ef5096360d3)
from the original on 19 May 2020 ."
276,3,d7f03a24-a627-4fc5-abbb-bd7ac66c876e,150,"www .mzv.sk/documents/10182/2369491/B
ROZURA_70_VYROCIE_SNP_indd.pdf/00
7d0f33-4aa1-4e3a-95ae-5ef5096360d3)
from the original on 19 May 2020 .
Retrieved 27 April 2020 .
286. ""Armistice Negotiations and Soviet
Occupation""  (https://countrystudies.us/rom
ania/23.htm) . US Library of Congress.
Archived  (https://web.archive.org/web/201 1
0430001849/https://countrystudies.us/rom
ania/23.htm)  from the original on 30 April
2011. Retrieved 14 November  2009 . ""The
coup speeded the Red Army's advance,
and the Soviet Union later awarded
Michael the Order of V ictory for his
courage in overthrowing Antonescu and
putting an end to Romania's war against
the Allies. W estern historians uniformly
point out that the Communists played only
a supporting role in the coup; postwar
Romanian historians, however , ascribe to
the Communists the decisive role in
Antonescu's overthrow ""
287. Evans 2008 , p. 653.
288. Wiest & Barbier 2002 , pp. 65–66 .
289. Wiktor , Christian L  (1998). Multilateral"
277,3,d7f03a24-a627-4fc5-abbb-bd7ac66c876e,151,"Antonescu's overthrow ""
287. Evans 2008 , p. 653.
288. Wiest & Barbier 2002 , pp. 65–66 .
289. Wiktor , Christian L  (1998). Multilateral
Treaty Calendar – 1648–1995 . Kluwer Law
International. p.  426. ISBN  978-9-041 1-
0584-4 .
290. Shirer 1990 , p. 1085.
291. Marston 2005 , p. 120.
292. 全⾯抗战，战犯前仆后继⻅阎王 (https://we
b.archive.org/web/20160303224203/http
s://www .china1931.cn/China/ShowArticle.a
sp?ArticleID=7648)  [The war criminals tries
to be the first to see their ancestors ] (in
Chinese). Archived from the original  (http
s://www .china1931.cn/China/ShowArticle.a
sp?ArticleID%3D7648)  on 3 March 2016 .
Retrieved 16 March  2013 .
293. Jowett & Andrew 2002 , p. 8.
294. Howard 2004 , p. 140.
295. Drea 2003 , p. 54.
296. Cook & Bewes 1997 , p. 305.
297. Parker 2004 , pp. xiii–xiv , 6–8, 68–70, 329–
330
298. Glantz 2001 , p. 85.
299. Beevor 2012 , pp. 709–722 .
300. Buchanan 2006 , p. 21.
301. Reed, Lawrence W . (6 February 2026).
""Eisenhower and the Berlin capture, 1945"""
278,3,d7f03a24-a627-4fc5-abbb-bd7ac66c876e,152,"299. Beevor 2012 , pp. 709–722 .
300. Buchanan 2006 , p. 21.
301. Reed, Lawrence W . (6 February 2026).
""Eisenhower and the Berlin capture, 1945""
(https://www .lawrencewreed.com/blog/ww
wlawrencewreedcom/eisenhowerandberli
n). Lawrence W . Reed .
302. Kershaw 2001 , pp. 793–829.
303. Shepardson 1998304. Glass, Andrew (12 April 2016). ""President
Franklin D. Roosevelt dies at age 63, April
12, 1945""  (https://www .politico.com/story/2
016/04/this-day-in-politics-april-12-1945-22
1722) . Politico . Archived  (https://web.archi
ve.org/web/20200329062410/https://www .
politico.com/story/2016/04/this-day-in-politi
cs-april-12-1945-221722)  from the original
on 29 March 2020 . Retrieved 26 January
2025 .
305. O'Reilly 2001 , p. 244.
306. Evans 2008 , p. 737.
307. Glantz 1998 , p. 24.
308. Selby , Scott A. (28 July 2021). The
Axmann Conspiracy: The Nazi Plan for a
Fourth Reich and How the U.S. Army
Defeated It  (https://books.google.com/book
s?id=7SQ_EAAAQBAJ) . Scott Andrew"
279,3,d7f03a24-a627-4fc5-abbb-bd7ac66c876e,153,"Fourth Reich and How the U.S. Army
Defeated It  (https://books.google.com/book
s?id=7SQ_EAAAQBAJ) . Scott Andrew
Selby . p. 8. Archived  (https://web.archive.o
rg/web/20240504072215/https://books.goo
gle.com/books?id=7SQ_EAAAQBAJ)  from
the original on 4 May 2024 . Retrieved
4 March  2024 .
309. Chant, Christopher (1986). The
Encyclopedia of Codenames of World W ar
II. Routledge & Kegan Paul. p.  118.
ISBN  978-0-7102-0718-0 .
310. Long, Tony (9 March 201 1). ""March 9,
1945: Burning the Heart Out of the Enemy""
(https://www .wired.com/201 1/03/0309incen
diary-bombs-kill-100000-tokyo) . Wired.
Wired Magazine. Archived  (https://web.arc
hive.org/web/20170323180239/https://ww
w.wired.com/201 1/03/0309incendiary-bom
bs-kill-100000-tokyo)  from the original on
23 March 2017 . Retrieved 22 June  2018 .
""1945: In the single deadliest air raid of
World W ar II, 330 American B-29s rain
incendiary bombs on Tokyo, touching of f a
firestorm that kills upwards of 100,000"
280,3,d7f03a24-a627-4fc5-abbb-bd7ac66c876e,154,"World W ar II, 330 American B-29s rain
incendiary bombs on Tokyo, touching of f a
firestorm that kills upwards of 100,000
people, burns a quarter of the city to the
ground, and leaves a million homeless. ""
311. Drea 2003 , p. 57.
312. Jowett & Andrew 2002 , p. 6.
313. Poirier , Michel Thomas (20 October 1999).
""Results of the German and American
Submarine Campaigns of W orld W ar II"" (ht
tps://web.archive.org/web/2008040905212
2/https://www .navy .mil/navydata/cno/n87/hi
story/wwii-campaigns.html) . U.S. Navy .
Archived from the original  (https://www .nav
y.mil/navydata/cno/n87/history/wwii-campai
gns.html)  on 9 April 2008 . Retrieved
13 April 2008 .
314. Zuberi, Matin (August 2001). ""Atomic
bombing of Hiroshima and Nagasaki"".
Strategic Analysis . 25 (5): 623– 662.
doi:10.1080/09700160108458986  (https://
doi.org/10.1080%2F09700160108458986) .
S2CID  154800868  (https://api.semanticsch
olar.org/CorpusID:154800868) .
315. Williams 2006 , p. 90.
316. Miscamble 2007 , p. 201."
281,3,d7f03a24-a627-4fc5-abbb-bd7ac66c876e,155,"S2CID  154800868  (https://api.semanticsch
olar.org/CorpusID:154800868) .
315. Williams 2006 , p. 90.
316. Miscamble 2007 , p. 201.
317. Miscamble 2007 , pp. 203–204 .
318. Ward Wilson. ""The Winning W eapon?
Rethinking Nuclear W eapons in Light of
Hiroshima"". International Security , Vol. 31,
No. 4 (Spring 2007), pp. 162–179.
319. Glantz 2005 .
320. Pape 1993  ""The principal cause of Japan's
surrender was the ability of the United
States to increase the military vulnerability
of Japan's home islands, persuading
Japanese leaders that defence of the
homeland was highly unlikely to succeed.
The key military factor causing this ef fect
was the sea blockade, which crippled
Japan's ability to produce and equip the
forces necessary to execute its strategy .
The most important factor accounting for
the timing of surrender was the Soviet
attack against Manchuria, largely because
it persuaded previously adamant Army
leaders that the homeland could not be
defended"".
321. Bix 2000 , pp. 525–526."
282,3,d7f03a24-a627-4fc5-abbb-bd7ac66c876e,156,"it persuaded previously adamant Army
leaders that the homeland could not be
defended"".
321. Bix 2000 , pp. 525–526.
322. Bix 2000 , pp. 526–528.
323. Beevor 2012 , p. 776.
324. Wettig 2008 , pp. 96–100 .
325. Frei 2002 , pp. 41–66 .326. Eberhardt, Piotr (2015). ""The Oder-Neisse
Line as Poland's western border: As
postulated and made a reality""  (https://ww
w.geographiapolonica.pl/article/item/9928.
html) . Geographia Polonica . 88 (1): 77–
105. doi:10.7163/GPol.0007  (https://doi.or
g/10.7163%2FGPol.0007) . Archived  (http
s://web.archive.org/web/201805031 11248/
https://www .geographiapolonica.pl/article/it
em/9928.html)  from the original on 3 May
2018 . Retrieved 3 May  2018 .
327. Eberhardt, Piotr (2006). Political Migrations
in Poland 1939–1948  (https://web.archive.
org/web/2015062615141 1/https://www .igip
z.pan.pl/en/zpz/Political_migrations.pdf)
(PDF) . Warsaw: Didactica. ISBN  978-1-
5361-1035-7 . Archived from the original  (ht
tps://www .igipz.pan.pl/en/zpz/Political_migr"
283,3,d7f03a24-a627-4fc5-abbb-bd7ac66c876e,157,"(PDF) . Warsaw: Didactica. ISBN  978-1-
5361-1035-7 . Archived from the original  (ht
tps://www .igipz.pan.pl/en/zpz/Political_migr
ations.pdf)  (PDF)  on 26 June 2015.
328. Eberhardt, Piotr (201 1). Political Migrations
On Polish T erritories (1939–1950)  (https://r
cin.org.pl/Content/15652/W A51_13607_r2
011-nr12_Monografie.pdf)  (PDF) . Warsaw:
Polish Academy of Sciences. ISBN  978-8-
3615-9046-0 . Archived  (https://web.archiv
e.org/web/20140520220409/https://rcin.or
g.pl/Content/15652/W A51_13607_r201 1-nr
12_Monografie.pdf)  (PDF)  from the original
on 20 May 2014 . Retrieved 3 May  2018 .
329. Eberhardt, Piotr (2012). ""The Curzon line
as the eastern boundary of Poland. The
origins and the political background""  (http
s://www .geographiapolonica.pl/article/item/
7563.html) . Geographia Polonica . 85 (1):
5–21. doi:10.7163/GPol.2012.1.1  (https://d
oi.org/10.7163%2FGPol.2012.1.1) .
Archived  (https://web.archive.org/web/201
805031 11001/https://www .geographiapolon"
284,3,d7f03a24-a627-4fc5-abbb-bd7ac66c876e,158,"oi.org/10.7163%2FGPol.2012.1.1) .
Archived  (https://web.archive.org/web/201
805031 11001/https://www .geographiapolon
ica.pl/article/item/7563.html)  from the
original on 3 May 2018 . Retrieved 3 May
2018 .
330. Roberts 2006 , p. 43.
331. Roberts 2006 , p. 55.
332. Shirer 1990 , p. 794.
333. Kennedy-Pipe 1995 .
334. Wettig 2008 , pp. 20–21 .
335. Senn 2007 , p. ?.
336. ""Italy since 1945""  (https://www .britannica.c
om/place/Italy/Italy-since-1945) .
Encyclopedia Britannica . Archived  (https://
web.archive.org/web/20231005052527/htt
ps://www .britannica.com/place/Italy/Italy-si
nce-1945)  from the original on 5 October
2023 . Retrieved 2 October  2023 .
337. Yoder 1997 , p. 39.
338. ""History of the UN""  (https://www .un.org/en/
about-us) . United Nations . Archived  (http
s://web.archive.org/web/2021 1215170453/
https://www .un.org/un70/en/content/histor
y/index.html)  from the original on 15
December 2021 . Retrieved 2 April 2026 .
339. ""History of the UN""  (https://web.archive.or"
285,3,d7f03a24-a627-4fc5-abbb-bd7ac66c876e,159,"y/index.html)  from the original on 15
December 2021 . Retrieved 2 April 2026 .
339. ""History of the UN""  (https://web.archive.or
g/web/20100218221016/https://www .un.or
g/aboutun/history .htm) . United Nations.
Archived from the original  (https://www .un.
org/aboutun/history .htm)  on 18 February
2010 . Retrieved 25 January  2010 .
340. Waltz 2002 .
341. ""Universal Declaration of Human Rights""  (h
ttps://www .un.org/en/about-us/universal-de
claration-of-human-rights) . United Nations .
Archived  (https://web.archive.org/web/201
70703093353/https://www .un.org/en/docu
ments/udhr/)  from the original on 3 July
2017.
342. The UN Security Council  (https://web.archi
ve.org/web/20120620101548/https://www .
unfoundation.org/what-we-do/issues/united
-nations/the-un-security-council.html) .
Archived from the original  (https://www .unf
oundation.org/what-we-do/issues/united-n
ations/the-un-security-council.html)  on 20
June 2012 . Retrieved 15 May  2012 .
343. Kantowicz 2000 , p. 6."
286,3,d7f03a24-a627-4fc5-abbb-bd7ac66c876e,160,"oundation.org/what-we-do/issues/united-n
ations/the-un-security-council.html)  on 20
June 2012 . Retrieved 15 May  2012 .
343. Kantowicz 2000 , p. 6.
344. Trachtenberg 1999 , p. 33.
345. Applebaum 2012 .
346. Naimark 2010 .
347. Swain 1992 .
348. ""Greek Civil W ar"" (https://www .britannica.c
om/event/Greek-Civil-W ar). Encyclopedia
Britannica . 28 May 2023. Archived  (https://
web.archive.org/web/20230324172645/htt
ps://www .britannica.com/event/Greek-Civil-
War) from the original on 24 March 2023 .
Retrieved 15 May  2023 .
349. Borstelmann 2005 , p. 318.
350. Leffler & Westad 2010 .
351. Weinberg 2005 , p. 911.352. Stueck 2010 , p. 71.
353. Lynch 2010 , pp. 12–13 .
354. Roberts 1997 , p. 589.
355. Darwin 2007 , pp. 441–443, 464–68 .
356. Dear & Foot 2001 , p. 1006 ; Harrison 1998 ,
pp. 34–55 .
357. Balabkins 1964 , p. 207.
358. Petrov 1967 , p. 263.
359. Balabkins 1964 , pp. 208–209 .
360. ""The Bretton W oods Conference, 1944""  (ht
tps://2001-2009.state.gov/r/pa/ho/time/wwi"
287,3,d7f03a24-a627-4fc5-abbb-bd7ac66c876e,161,"359. Balabkins 1964 , pp. 208–209 .
360. ""The Bretton W oods Conference, 1944""  (ht
tps://2001-2009.state.gov/r/pa/ho/time/wwi
i/98681.htm) . United States Department of
State. 7 January 2008. Archived  (https://we
b.archive.org/web/202204172331 16/http
s://2001-2009.state.gov/r/pa/ho/time/wwii/9
8681.htm)  from the original on 17 April
2022 . Retrieved 18 April 2022 .
361. DeLong & Eichengreen 1993 , pp. 190–191
362. Balabkins 1964 , p. 212.
363. Wolf 1993 , pp. 29–30, 32
364. Bull & Newell 2005 , pp. 20–21
365. Ritchie 1992 , p. 23.
366. Minford 1993 , p. 117.
367. Schain 2001 .
368. Emadi-Cof fin 2002 , p. 64.
369. Smith 1993 , p. 32.
370. Mark Kramer , ""The Soviet Bloc and the
Cold W ar in Europe"", in Larresm, Klaus,
ed. (2014). A Companion to Europe Since
1945  (https://books.google.com/books?id=
EyNcCwAAQBAJ&pg=PT174) . Wiley .
p. 79. ISBN  978-1-1 188-9024-0 .
371. Neary 1992 , p. 49.
372. Genzberger , Christine (1994). China
Business: The Portable Encyclopedia for"
288,3,d7f03a24-a627-4fc5-abbb-bd7ac66c876e,162,"p. 79. ISBN  978-1-1 188-9024-0 .
371. Neary 1992 , p. 49.
372. Genzberger , Christine (1994). China
Business: The Portable Encyclopedia for
Doing Business with China  (https://archive.
org/details/chinabusinesspor0000genz/pag
e/4). Petaluma, CA: W orld Trade Press.
p. 4 (https://archive.org/details/chinabusine
sspor0000genz/page/4) . ISBN  978-0-
9631-8643-0 .
373. Beevor 2012 , p. 1.
374. Hastings 201 1, pp. 669–670.
375. Aubin, Bernard & Guillerat 2019 , p. 147.
376. Hanson 2017 , p. 470.
377. Clodfelter 2017 , p. 528.
378. Hanson 2017 , p. 38.
379. Hanson 2017 , p. 485. Hanson
estimates there were 20–27  million
Soviet dead.
Aubin, Bernard & Guillerat 2019 ,
p. 146.
380. Hanson 2017 , p. 487.
381. Aubin, Bernard & Guillerat 2019 , p. 146.
382. Hanson 2017 , p. 488. Hanson cites
6 million to 7  million German dead.
383. Ellman & Maksudov 1994 .
384. Aubin, Bernard & Guillerat 2019 , p. 152.
385. Mitter 2013 , p. 381. Mitter cites Arne
Westad's figure of 2  million Chinese"
289,3,d7f03a24-a627-4fc5-abbb-bd7ac66c876e,163,"384. Aubin, Bernard & Guillerat 2019 , p. 152.
385. Mitter 2013 , p. 381. Mitter cites Arne
Westad's figure of 2  million Chinese
military deaths.
386. Aubin, Bernard & Guillerat 2019 , p. 148.
387. Hanson 2017 , p. 473.
388. Hanson 2017 , p. 469.
389. Hanson 2017 , pp. 472–473.
390. Hanson 2017 , pp. 474–475, 481–485.
391. Pearson, Alexander (19 March 2018).
""Color photo of girl at Auschwitz strikes
chord""  (https://www .dw.com/en/colorized-p
hoto-of-girl-at-auschwitz-strikes-chord-on-s
ocial-media/a-43033478) . Deutsche W elle.
Archived  (https://web.archive.org/web/201
80319065203/https://www .dw.com/en/color
ized-photo-of-girl-at-auschwitz-strikes-chor
d-on-social-media/a-43033478)  from the
original on 19 March 2018 . Retrieved
12 July  2023 . ""Kwoka was murdered with a
phenol injection to the heart a few weeks
later.""
392. Davies 2014 .
393. Hanson 2017 , pp. 474–477.
394. Niewyk & Nicosia 2000 , pp. 55–60.395. Das Bundesarchiv . ""Euthanasie im Dritten"
290,3,d7f03a24-a627-4fc5-abbb-bd7ac66c876e,164,"later.""
392. Davies 2014 .
393. Hanson 2017 , pp. 474–477.
394. Niewyk & Nicosia 2000 , pp. 55–60.395. Das Bundesarchiv . ""Euthanasie im Dritten
Reich""  (https://web.archive.org/web/20260
121093949/https://www .bundesarchiv .de/i
m-archiv-recherchieren/archivgut-recherchi
eren/nach-themen/euthanasie-im-dritten-re
ich/). Das Bundesarchiv  (in German).
Archived from the original  (https://www .bun
desarchiv .de/im-archiv-recherchieren/archi
vgut-recherchieren/nach-themen/euthanasi
e-im-dritten-reich/)  on 21 January 2026 .
Retrieved 21 January  2026 . [Between
1939 and 1945, approximately 200,000
women, men, and children from psychiatric
institutions in the German Reich were
murdered in several covert operations
through gassing, drugging, or malnutrition.
Nearly 100,000 additional murders of
psychiatric patients occurred in occupied
or annexed territories. Around one-third of
the patient murders in the Reich took place
during the so-called T4 program in its first,"
291,3,d7f03a24-a627-4fc5-abbb-bd7ac66c876e,165,"or annexed territories. Around one-third of
the patient murders in the Reich took place
during the so-called T4 program in its first,
centrally directed phase. ]
396. Hanson 2017 , pp. 471–472.
397. Hanson 2017 , pp. 470–472.
398. Mitter 2013 , pp. 289–290.
399. Wakabayashi, Bob (2007). ""Postscript"". In
Wakabayashi, Bob Tadashi (ed.). The
Nanking Atrocity , 1937–1938: Complicating
the Picture . New York and London:
Berghahn Books. p.  384. ISBN  9781-
84545-500-2 .
400. Harris 2002 , p. 74.
401. Hastings 201 1, pp. 428–429.
402. Akashi, Davies & Service 2014 .
403. Robert Gellately (2007).  Lenin, Stalin, and
Hitler: The Age of Social Catastrophe .
Knopf, ISBN  978-1-4000-4005-6  pp. 391–
396
404. Dimbleby 2022 , pp. 81–82.
405. Wheeler 2014 .
406. Portnov , Andrii (16 November 2016).
""Clash of victimhoods: the V olhynia
Massacre in Polish and Ukrainian memory""
(https://www .opendemocracy .net/en/odr/cla
sh-of-victimhood-1943-volhynian-massacre
-in-polish-and-ukrainian-culture/) ."
292,3,d7f03a24-a627-4fc5-abbb-bd7ac66c876e,166,"(https://www .opendemocracy .net/en/odr/cla
sh-of-victimhood-1943-volhynian-massacre
-in-polish-and-ukrainian-culture/) .
openDemocracy . ProQuest  1840045393  (h
ttps://www .proquest.com/docview/1840045
393). Archived  (https://web.archive.org/we
b/20250126133729/https://www .opendemo
cracy .net/en/odr/clash-of-victimhood-1943-
volhynian-massacre-in-polish-and-ukrainia
n-culture/)  from the original on 26 January
2025 . Retrieved 11 February  2026 .
407. Clogg 2014 .
408. Hanson 2017 , p. 482.
409. Dimbleby 2022 , p. 501.
410. Herbert 2014 .
411. Zemskov V . N. On repatriation of Soviet
citizens . Istoriya SSSR., 1990, No. 4, (in
Russian). See also [1] Archived  (https://we
b.archive.org/web/201 11014134645/https://
scepsis.ru/library/id_1234.html)  14 October
2011 at the Wayback Machine  (online
version), and Bacon 1992 ; Ellman 2002 .
412. Kratoska 2015 , p. xv.
413. Jacob 2018 , pp. 5–7.
414. Jacob 2018 , p. 6.
415. Neumann 2013 , pp. 553–554.
416. Cherry 2013 , pp. 556–557."
293,3,d7f03a24-a627-4fc5-abbb-bd7ac66c876e,167,"412. Kratoska 2015 , p. xv.
413. Jacob 2018 , pp. 5–7.
414. Jacob 2018 , p. 6.
415. Neumann 2013 , pp. 553–554.
416. Cherry 2013 , pp. 556–557.
417. Bird, Nicky (October 2002). ""Berlin: The
Downfall 1945 by Antony Beevor"".
International Affairs . 78 (4). Royal Institute
of International Affairs: 914– 916.
418. Hastings 201 1, pp. 445–446, 671–672.
419. Grayling 2014 , pp. 1–2.
420. Liberman 1996 , p. 42.
421. Milward 1992 , p. 138.
422. Milward 1992 , p. 148.
423. Barber & Harrison 2006 , p. 232.
424. Institute of National Remembrance, Polska
1939–1945 Straty osobowe i ofiary represji
pod dwiema okupacjami. Materski and
Szarota. p. 9 ""Total Polish population
losses under German occupation are
currently calculated at about 2 770 000"" .425. Cooke, Philip; Shepherd, Ben H. (31
January 2020). European Resistance in
the Second World W ar (https://books.googl
e.com/books?id=XrLNDwAAQBAJ) . Pen
and Sword. p.  24. ISBN  978-1-4738-3162-
9. ""From 1942 in particular , then,"
294,3,d7f03a24-a627-4fc5-abbb-bd7ac66c876e,168,"e.com/books?id=XrLNDwAAQBAJ) . Pen
and Sword. p.  24. ISBN  978-1-4738-3162-
9. ""From 1942 in particular , then,
resistance across occupied Europe was an
active and burgeoning phenomenon ""
426. Hill 2005 , p. 5.
427. Christof ferson & Christof ferson 2006 ,
p. 156
428. Radtke 1997 , p. 107.
429. Rahn 2001 , p. 266.
430. Leith, C. K.  (July 1939). ""The Struggle for
Mineral Resources"". The Annals of the
American Academy of Political and Social
Science . 204, Democracy and the
Americas: 42–48.
doi:10.1177/000271623920400107  (https://
doi.org/10.1 177%2F00027162392040010
7). JSTOR 1021443  (https://www .jstor .org/
stable/1021443) . ""... mineral raw
materials  ... are the basis of industrial
power , and this in turn is the basis of
military power . ... England and the United
States of America alone control economic
proportions of nearly three-fourths of the
world's production of minerals. Not less
important, they control the seas over which
the products must pass. """
295,3,d7f03a24-a627-4fc5-abbb-bd7ac66c876e,169,"world's production of minerals. Not less
important, they control the seas over which
the products must pass. ""
431. Harrison 1998 , p. 3.
432. Compare: Wilson, Mark R. (2016).
Destructive Creation: American Business
and the W inning of World W ar II (https://bo
oks.google.com/books?id=AcqADAAAQBA
J). American Business, Politics, and
Society (reprint  ed.). Philadelphia:
University of Pennsylvania Press. p.  2.
ISBN  978-0-8122-9354-8 . Archived  (http
s://web.archive.org/web/20230307201318/
https://books.google.com/books?id=AcqAD
AAAQBAJ)  from the original on 7 March
2023 . Retrieved 19 December  2019 . ""By
producing nearly two thirds of the
munitions used by Allied forces – including
huge numbers of aircraft, ships, tanks,
trucks, rifles, artillery shells, and bombs –
American industry became what President
Franklin D. Roosevelt once called 'the
arsenal of democracy'  ..""
433. Harrison 1998 , p. 2.
434. Bernstein 1991 , p. 267.
435. Griffith, Charles (1999). The Quest:"
296,3,d7f03a24-a627-4fc5-abbb-bd7ac66c876e,170,"arsenal of democracy'  ..""
433. Harrison 1998 , p. 2.
434. Bernstein 1991 , p. 267.
435. Griffith, Charles (1999). The Quest:
Haywood Hansell and American Strategic
Bombing in World W ar II. Diane
Publishing. p.  203. ISBN  978-1-5856-
6069-8 .
436. Overy 1994 , p. 26.
437. BBSU 1998 , p. 84; Lindberg & Todd 2001 ,
p. 126.
438. Tucker & Roberts 2004 , p. 76.
439. Levine 1992 , p. 227.
440. Klavans, Di Benedetto & Prudom 1997 ;
Ward 2010 , pp. 247–251 .
441. Tucker & Roberts 2004 , p. 163.
442. Bishop, Chris; Chant, Chris (2004). Aircraft
Carriers: The World's Greatest Naval
Vessels and Their Aircraft . Wigston, Leics:
Silverdale Books. p.  7. ISBN  978-1-8450-
9079-1 .
443. Chenoweth, H. Avery; Nihart, Brooke
(2005). Semper Fi: The Definitive
Illustrated History of the U.S. Marines . New
York: Main Street. p.  180. ISBN  978-1-
4027-3099-3 .
444. Sumner & Baker 2001 , p. 25.
445. Hearn 2007 , p. 14.
446. Gardiner & Brown 2004 , p. 52.
447. Burcher & Rydill 1995 , p. 15."
297,3,d7f03a24-a627-4fc5-abbb-bd7ac66c876e,171,"4027-3099-3 .
444. Sumner & Baker 2001 , p. 25.
445. Hearn 2007 , p. 14.
446. Gardiner & Brown 2004 , p. 52.
447. Burcher & Rydill 1995 , p. 15.
448. Burcher & Rydill 1995 , p. 16.
449. Burns, R. W . (September 1994). ""Impact of
technology on the defeat of the U-boat
September 1939 – May 1943""  (https://digit
al-library .theiet.org/doi/abs/10.1049/ip-sm
t%3A19949918) . IEE Proceedings –
Science, Measurement and T echnology .
141 (5): 343– 355. doi:10.1049/ip-
smt:19949918  (https://doi.org/10.1049%2F
ip-smt%3A19949918)  (inactive 25 April
2026).
450. Tucker & Roberts 2004 , p. 125.
451. Dupuy , Trevor Nevitt (1982). The Evolution
of Weapons and W arfare . Jane's
Information Group . p. 231. ISBN  978-0-
7106-0123-0 .452. ""The V ital Role Of Tanks In The Second
World W ar"" (https://www .iwm.org.uk/histor
y/the-vital-role-of-tanks-in-the-second-worl
d-war) . Imperial W ar Museums . Archived
(https://web.archive.org/web/20220325104
344/https://www .iwm.org.uk/history/the-vita"
298,3,d7f03a24-a627-4fc5-abbb-bd7ac66c876e,172,"d-war) . Imperial W ar Museums . Archived
(https://web.archive.org/web/20220325104
344/https://www .iwm.org.uk/history/the-vita
l-role-of-tanks-in-the-second-world-war)
from the original on 25 March 2022 .
Retrieved 5 April 2022 .
453. Castaldi, Carolina; Fontana, Roberto;
Nuvolari, Alessandro (1 August 2009).
""'Chariots of fire': the evolution of tank
technology , 1915–1945""  (https://doi.org/10.
1007%2Fs00191-009-0141-0) . Journal of
Evolutionary Economics . 19 (4): 545– 566.
doi:10.1007/s00191-009-0141-0  (https://do
i.org/10.1007%2Fs00191-009-0141-0) .
hdl:10419/89322  (https://hdl.handle.net/10
419%2F89322) . ISSN  1432-1386  (https://s
earch.worldcat.org/issn/1432-1386) .
S2CID  36789517  (https://api.semanticscho
lar.org/CorpusID:36789517) .
454. Tucker & Roberts 2004 , p. 108.
455. Tucker & Roberts 2004 , p. 734.
456. Cowley & Parker 2001 , p. 221.
457. Sprague, Oliver; Grif fiths, Hugh (2006).
""The AK-47: the worlds favourite killing"
299,3,d7f03a24-a627-4fc5-abbb-bd7ac66c876e,173,"456. Cowley & Parker 2001 , p. 221.
457. Sprague, Oliver; Grif fiths, Hugh (2006).
""The AK-47: the worlds favourite killing
machine""  (https://www .amnesty .org/en/doc
uments/act30/01 1/2006/en)  (PDF) .
controlarms.org. p.  1. Archived  (https://we
b.archive.org/web/20181228130914/http
s://www .amnesty .org/en/documents/act30/
011/2006/en)  from the original on 28
December 2018 . Retrieved 14 November
2009 .
458. Ratclif f 2006 , p. 11.
459. Schoenherr , Steven (2007). ""Code
Breaking in W orld W ar I"" (https://web.archi
ve.org/web/20080509054959/https://histor
y.sandiego.edu/gen/WW2T imeline/espiona
ge.htm) . History Department at the
University of San Diego. Archived from the
original  (https://history .sandiego.edu/gen/
WW2T imeline/espionage.htm)  on 9 May
2008 . Retrieved 15 November  2009 .
460. Macintyre, Ben (10 December 2010).
""Bravery of thousands of Poles was vital in
securing victory"". The T imes . London.
p. 27. Gale  IF0504159516  (https://go.gale."
300,3,d7f03a24-a627-4fc5-abbb-bd7ac66c876e,174,"""Bravery of thousands of Poles was vital in
securing victory"". The T imes . London.
p. 27. Gale  IF0504159516  (https://go.gale.
com/ps/anonymous?id=GALE%7CIF05041
59516) .
461. Rowe, Neil C.; Rothstein, Hy . ""Deception
for Defense of Information Systems:
Analogies from Conventional W arfare""  (htt
ps://web.archive.org/web/20101 12303163
0/https://www .au.af.mil/au/awc/awcgate/np
s/mildec.htm) . Departments of Computer
Science and Defense Analysis U.S. Naval
Postgraduate School . Air University .
Archived from the original  (https://www .au.
af.mil/au/awc/awcgate/nps/mildec.htm)  on
23 November 2010 . Retrieved
15 November  2009 .
462. ""The Scientific and Technological
Advances of W orld W ar II"" (https://web.arc
hive.org/web/20240302230336/https://ww
w.nationalww2museum.org/war/articles/sci
entific-and-technological-advances-world-
war-ii) . New Orleans: The National WWII
Museum. 30 July 2020. Archived from the
original  (https://www .nationalww2museum."
301,3,d7f03a24-a627-4fc5-abbb-bd7ac66c876e,175,"war-ii) . New Orleans: The National WWII
Museum. 30 July 2020. Archived from the
original  (https://www .nationalww2museum.
org/war/articles/scientific-and-technological
-advances-world-war-ii)  on 2 March 2024 .
Retrieved 6 October  2025 .463. ""World W ar – II""  (https://www .insightsonindi
a.com/world-history/world-war-i/world-war-i
i). Insights Ias – Simplifying Upsc Ias Exam
Preparation . Archived  (https://web.archive.
org/web/2022071 1080947/https://www .insi
ghtsonindia.com/world-history/world-war-i/
world-war-ii)  from the original on 1 1 July
2022 . Retrieved 17 September  2022 .
464. Gaynes, Robert (May 2017). ""The
Discovery of Penicillin—New Insights After
More Than 75 Years of Clinical Use""  (http
s://www .ncbi.nlm.nih.gov/pmc/articles/PMC
5403050) . Emerging Infectious Diseases .
23 (5): 849– 853.
Bibcode :2017EIDis..23..849G  (https://ui.ad
sabs.harvard.edu/abs/2017EIDis..23..849
G). doi:10.3201/eid2305.161556  (https://do
i.org/10.3201%2Feid2305.161556) ."
302,3,d7f03a24-a627-4fc5-abbb-bd7ac66c876e,176,"sabs.harvard.edu/abs/2017EIDis..23..849
G). doi:10.3201/eid2305.161556  (https://do
i.org/10.3201%2Feid2305.161556) .
PMC  5403050  (https://www .ncbi.nlm.nih.g
ov/pmc/articles/PMC5403050) .
Adamthwaite, Anthony P . (1992). The Making of the Second World W ar (https://archive.org/detai
ls/makingofsecondwo00adam_0) . New York: Routledge. ISBN  978-0-415-90716-3 .
Akashi, Yoji; Davies, Norman; Service, Robert (2014). ""Gulag"". In Dear , I. C. B.; Foot, M. R. D.
(eds.). The Oxford Companion to World W ar II. Oxford University Press.
doi:10.1093/acref/9780198604464.001.0001  (https://doi.org/10.1093%2Facref%2F9780198
604464.001.0001) . ISBN  978-0-19-172760-3 .
Anderson, Irvine H. Jr . (1975). ""The 1941 De Facto Embargo on Oil to Japan: A Bureaucratic
Reflex"". The Pacific Historical Review . 44 (2): 201– 231. doi:10.2307/3638003  (https://doi.or
g/10.2307%2F3638003) . JSTOR 3638003  (https://www .jstor .org/stable/3638003) ."
303,3,d7f03a24-a627-4fc5-abbb-bd7ac66c876e,177,"g/10.2307%2F3638003) . JSTOR 3638003  (https://www .jstor .org/stable/3638003) .
Applebaum, Anne  (2003). Gulag: A History of the Soviet Camps . London: Allen Lane . ISBN  978-
0-7139-9322-6 .
——— (2012). Iron Curtain: The Crushing of Eastern Europe 1944–56 . London: Allen Lane .
ISBN  978-0-7139-9868-9 .
Aubin, Nicolas; Bernard, V incent; Guillerat, Nicolas (2019). Lopez, Jean (ed.). World W ar II
Infographics . London: Thames & Hudson. ISBN  978-0-500-02292-4 .
Bacon, Edwin (1992). "" Glasnost'  and the Gulag: New Information on Soviet Forced Labour
around W orld W ar II"". Soviet Studies . 44 (6): 1069– 1086. doi:10.1080/09668139208412066
(https://doi.org/10.1080%2F09668139208412066) . JSTOR 152330  (https://www .jstor .org/sta
ble/152330) .
Badsey , Stephen (1990). Normandy 1944: Allied Landings and Breakout . Oxford: Osprey
Publishing . ISBN  978-0-85045-921-0 .
Balabkins, Nicholas (1964). Germany Under Direct Controls: Economic Aspects of Industrial"
304,3,d7f03a24-a627-4fc5-abbb-bd7ac66c876e,178,"Publishing . ISBN  978-0-85045-921-0 .
Balabkins, Nicholas (1964). Germany Under Direct Controls: Economic Aspects of Industrial
Disarmament 1945–1948  (https://archive.org/details/germanyunderdire0000bala) . New
Brunswick, New Jersey: Rutgers University Press .Sources
Barber , John; Harrison, Mark (2006). ""Patriotic W ar, 1941–1945"". In Ronald Grigor Suny (ed.).
The Cambridge History of Russia – The T wentieth Century . Vol. III. Cambridge: Cambridge
University Press . pp. 217– 242. ISBN  978-0-521-81 144-6 .
Barker , A. J. (1971). The Rape of Ethiopia 1936 . New York: Ballantine Books . ISBN  978-0-345-
02462-6 .
Beevor , Antony  (1998). Stalingrad . New York: Viking. ISBN  978-0-670-87095-0 .
——— (2012). The Second World W ar. London: Weidenfeld & Nicolson . ISBN  978-0-297-
84497-6 .
Belco, V ictoria (2010). War, Massacre, and Recovery in Central Italy: 1943–1948 . Toronto:
University of Toronto Press . ISBN  978-0-8020-9314-1 ."
305,3,d7f03a24-a627-4fc5-abbb-bd7ac66c876e,179,"Belco, V ictoria (2010). War, Massacre, and Recovery in Central Italy: 1943–1948 . Toronto:
University of Toronto Press . ISBN  978-0-8020-9314-1 .
Bellamy , Chris T. (2007). Absolute W ar: Soviet Russia in the Second World W ar. New York:
Alfred A. Knopf . ISBN  978-0-375-41086-4 .
Ben-Horin, Eliahu (1943). The Middle East: Crossroads of History . New York: W . W. Norton.
Berend, Ivan T. (1996). Central and Eastern Europe, 1944–1993: Detour from the Periphery to
the Periphery . Cambridge: Cambridge University Press . ISBN  978-0-521-55066-6 .
Bernstein, Gail Lee  (1991). Recreating Japanese Women, 1600–1945  (https://archive.org/detail
s/recreatingjapane0000unse) . Berkeley & Los Angeles: University of California Press .
ISBN  978-0-520-07017-2 .
Bilhartz, Terry D.; Elliott, Alan C. (2007). Currents in American History: A Brief History of the
United States  (https://archive.org/details/currentsinameric0000bilh) . Armonk, New York: M.
E. Sharpe . ISBN  978-0-7656-1821-4 ."
306,3,d7f03a24-a627-4fc5-abbb-bd7ac66c876e,180,"United States  (https://archive.org/details/currentsinameric0000bilh) . Armonk, New York: M.
E. Sharpe . ISBN  978-0-7656-1821-4 .
Bilinsky , Yaroslav (1999). Endgame in NA TO's Enlargement: The Baltic States and Ukraine .
Westport, Connecticut: Greenwood . ISBN  978-0-275-96363-7 .
Bix, Herbert P . (2000). Hirohito and the Making of Modern Japan . New York: HarperCollins .
ISBN  978-0-06-019314-0 .
Black, Jeremy  (2003). World W ar Two: A Military History . Abingdon & New York: Routledge .
ISBN  978-0-415-30534-1 .
Blinkhorn, Martin (2006) [1984]. Mussolini and Fascist Italy  (3rd ed.). Abingdon & New York:
Routledge . ISBN  978-0-415-26206-4 .
Bonner , Kit; Bonner , Carolyn (2001). Warship Boneyards . Osceola, Wisconsin: MBI Publishing
Company . ISBN  978-0-7603-0870-7 .
Borstelmann, Thomas (2005). ""The United States, the Cold W ar, and the colour line"". In Melvyn
P. Leffler; David S. Painter (eds.). Origins of the Cold W ar: An International History"
307,3,d7f03a24-a627-4fc5-abbb-bd7ac66c876e,181,"P. Leffler; David S. Painter (eds.). Origins of the Cold W ar: An International History
(2nd ed.). Abingdon & New York: Routledge . pp. 317– 332. ISBN  978-0-415-34109-7 .
Bosworth, Richard; Maiolo, Joseph (2015). The Cambridge History of the Second World W ar
Volume 2: Politics and Ideology  (https://web.archive.org/web/20160820160141/http://univers
itypublishingonline.org/cambridge/histories/subject_title_list.jsf?subjectCode=15&heading=
Warfare&tSort=title+closed&aSort=author+default_list&ySort=year+default_list) . The
Cambridge History of the Second W orld W ar (3 vol). Cambridge : Cambridge University
Press . pp. 313– 314. Archived from the original  (https://universitypublishingonline.org/cambri
dge/histories/subject_title_list.jsf?subjectCode=15&heading=W arfare&tSort=title+closed&aS
ort=author+default_list&ySort=year+default_list)  on 20 August 2016 . Retrieved 17 February
2022 .
Brayley , Martin J. (2002). The British Army 1939–45, V olume 3: The Far East . Oxford: Osprey"
308,3,d7f03a24-a627-4fc5-abbb-bd7ac66c876e,182,"2022 .
Brayley , Martin J. (2002). The British Army 1939–45, V olume 3: The Far East . Oxford: Osprey
Publishing . ISBN  978-1-84176-238-8 .
British Bombing Survey Unit (1998). The Strategic Air W ar Against Germany , 1939–1945 .
London & Portland, Oregon: Frank Cass Publishers . ISBN  978-0-7146-4722-7 .
Brody , J. Kenneth (1999). The Avoidable W ar: Pierre Laval and the Politics of Reality , 1935–
1936  (https://archive.org/details/avoidablewar0000brod) . New Brunswick, New Jersey:
Transaction Publishers . ISBN  978-0-7658-0622-2 .
Brown, David (2004). The Road to Oran: Anglo-French Naval Relations, September 1939 – July
1940 . London & New York: Frank Cass . ISBN  978-0-7146-5461-4 .
Buchanan, Tom (2006). Europe's T roubled Peace, 1945–2000 . Oxford & Malden,
Massachusetts: Blackwell Publishing . ISBN  978-0-631-22162-3 .
Bueno de Mesquita, Bruce ; Smith, Alastair; Siverson, Randolph M.; Morrow , James D.  (2003)."
309,3,d7f03a24-a627-4fc5-abbb-bd7ac66c876e,183,"Bueno de Mesquita, Bruce ; Smith, Alastair; Siverson, Randolph M.; Morrow , James D.  (2003).
The Logic of Political Survival . Cambridge, Massachusetts: MIT Press . ISBN  978-0-262-
02546-1 .
Bull, Martin J.; Newell, James L. (2005). Italian Politics: Adjustment Under Duress . Polity .
ISBN  978-0-7456-1298-0 .
Bullock, Alan (1990) [1952]. Hitler: A Study in T yranny . London: Penguin Books . ISBN  978-0-14-
013564-0 .
Burcher , Roy; Rydill, Louis (1995). ""Concepts in Submarine Design""  (https://doi.org/10.1 115%2F
1.2895927) . Journal of Applied Mechanics . 62 (1). Cambridge: Cambridge University Press :
268. Bibcode :1995JAM....62R.268B  (https://ui.adsabs.harvard.edu/abs/1995JAM....62R.268
B). doi:10.1115/1.2895927  (https://doi.org/10.1 115%2F1.2895927) . ISBN  978-0-521-55926-
3.
Busky , Donald F . (2002). Communism in History and Theory: Asia, Africa, and the Americas .
Westport, Connecticut: Praeger Publishers. ISBN  978-0-275-97733-7 ."
310,3,d7f03a24-a627-4fc5-abbb-bd7ac66c876e,184,"Westport, Connecticut: Praeger Publishers. ISBN  978-0-275-97733-7 .
Canfora, Luciano  (2006) [2004]. Democracy in Europe: A History . Oxford & Malden MA:
Blackwell Publishing . ISBN  978-1-4051-1 131-7 .
Chang, Iris  (1997). The Rape of Nanking: The Forgotten Holocaust of World W ar II (https://archi
ve.org/details/rapeofnankingfor00chan) . New York: Basic Books . ISBN  978-0-465-06835-7 .
Cherry , Rachael I. (2013). ""Rape (Red Army in W orld W ar II)"". In Mikaberidze, Alexander (ed.).
Atrocities, Massacres and W ar Crimes: An Encyclopedia . Vol. II, M–Z. Santa Barbara,
California: ABC-CLEO. ISBN  978-1-59884-925-7 .
Christof ferson, Thomas R.; Christof ferson, Michael S. (2006). France During World W ar II: From
Defeat to Liberation . New York: Fordham University Press . ISBN  978-0-8232-2562-0 .
Chubarov , Alexander (2001). Russia's Bitter Path to Modernity: A History of the Soviet and Post-
Soviet Eras  (https://archive.org/details/russiasbitterpat0000chub) . London & New York:"
311,3,d7f03a24-a627-4fc5-abbb-bd7ac66c876e,185,"Soviet Eras  (https://archive.org/details/russiasbitterpat0000chub) . London & New York:
Continuum . ISBN  978-0-8264-1350-5 .
Ch'i, Hsi-Sheng (1992). ""The Military Dimension, 1942–1945"". In James C. Hsiung; Steven I.
Levine (eds.). China's Bitter V ictory: W ar with Japan, 1937–45 . Armonk, New York: M. E.
Sharpe . pp. 157– 184. ISBN  978-1-56324-246-5 .
Cienciala, Anna M. (2010). ""Another look at the Poles and Poland during W orld W ar II"". The
Polish Review . 55 (1): 123– 143. doi:10.2307/25779864  (https://doi.org/10.2307%2F257798
64). JSTOR 25779864  (https://www .jstor .org/stable/25779864) . S2CID  159445902  (https://a
pi.semanticscholar .org/CorpusID:159445902) .
Clodfelter , Micheal (2017). Warfare and Armed Conflicts: A Statistical Encyclopedia of Casualty
and Other Figures  (4th ed.). McFarland and Company . ISBN  978-0-7864-7470-7 .
Clogg, Richard  (2002). A Concise History of Greece  (https://archive.org/details/concisehistoryof"
312,3,d7f03a24-a627-4fc5-abbb-bd7ac66c876e,186,"Clogg, Richard  (2002). A Concise History of Greece  (https://archive.org/details/concisehistoryof
00clog_0)  (2nd  ed.). Cambridge: Cambridge University Press . ISBN  978-0-521-80872-9 .
Clogg, Richard (2014). ""Greece"". In Dear , I. C. B.; Foot, M. R. D. (eds.). The Oxford Companion
to World W ar II. Oxford University Press. doi:10.1093/acref/9780198604464.001.0001  (http
s://doi.org/10.1093%2Facref%2F9780198604464.001.0001) . ISBN  978-0-19-172760-3 .
Coble, Parks M. (2003). Chinese Capitalists in Japan's New Order: The Occupied Lower
Yangzi, 1937–1945 . Berkeley & Los Angeles: University of California Press . ISBN  978-0-
520-23268-6 .
Collier , Paul (2003). The Second World W ar (4): The Mediterranean 1940–1945 . Oxford:
Osprey Publishing . ISBN  978-1-84176-539-6 .
Collier , Martin; Pedley , Philip (2000). Germany 1919–45  (https://archive.org/details/germany191
9450000coll) . Oxford: Heinemann . ISBN  978-0-435-32721-7 ."
313,3,d7f03a24-a627-4fc5-abbb-bd7ac66c876e,187,"9450000coll) . Oxford: Heinemann . ISBN  978-0-435-32721-7 .
Commager , Henry Steele (2004). The Story of the Second World W ar. Brassey's. ISBN  978-1-
57488-741-9 .
Coogan, Anthony (1993). ""The V olunteer Armies of Northeast China""  (https://www .questia.com/
googleScholar .qst?docId=5000186948) . History T oday . 43. Archived  (https://web.archive.or
g/web/2012051 101531 1/http://www .questia.com/googleScholar .qst?docId=5000186948)
from the original on 1 1 May 2012 . Retrieved 6 May  2012 .
Cook, Chris; Bewes, Diccon (1997). What Happened Where: A Guide to Places and Events in
Twentieth-Century History . London: UCL Press . ISBN  978-1-85728-532-1 .
Cowley , Robert ; Parker , Geof frey, eds. (2001). The Reader's Companion to Military History .
Boston: Houghton Mif flin Company . ISBN  978-0-618-12742-9 .
Darwin, John (2007). After T amerlane: The Rise & Fall of Global Empires 1400–2000 . London:
Penguin Books . ISBN  978-0-14-101022-9 ."
314,3,d7f03a24-a627-4fc5-abbb-bd7ac66c876e,188,"Darwin, John (2007). After T amerlane: The Rise & Fall of Global Empires 1400–2000 . London:
Penguin Books . ISBN  978-0-14-101022-9 .
Davies, Norman  (2006). Europe at W ar 1939–1945: No Simple V ictory . London: Macmillan .
ix+544 pages  (https://archive.org/details/europeatwar193910000davi/page/) . ISBN  978-0-
333-69285-1 . OCLC  70401618  (https://search.worldcat.org/oclc/70401618) .
Davies, Norman (2014). ""W ar Crimes"". In Dear , I. C. B.; Foot, M. R. D. (eds.). The Oxford
Companion to World W ar II. Oxford University Press.
doi:10.1093/acref/9780198604464.001.0001  (https://doi.org/10.1093%2Facref%2F9780198
604464.001.0001) . ISBN  978-0-19-172760-3 .
Dear , I. C. B. ; Foot, M. R. D. , eds. (2001) [1995]. The Oxford Companion to World W ar II.
Oxford: Oxford University Press . ISBN  978-0-19-860446-4 .
DeLong, J. Bradford ; Eichengreen, Barry  (1993). ""The Marshall Plan: History's Most Successful"
315,3,d7f03a24-a627-4fc5-abbb-bd7ac66c876e,189,"DeLong, J. Bradford ; Eichengreen, Barry  (1993). ""The Marshall Plan: History's Most Successful
Structural Adjustment Program"". In Rudiger Dornbusch; Wilhelm Nölling; Richard Layard
(eds.). Postwar Economic Reconstruction and Lessons for the East T oday . Cambridge,
Massachusetts: MIT Press . pp. 189– 230. ISBN  978-0-262-04136-2 .
Dimbleby , Jonathan  (2022). Barbarossa: How Hitler Lost the W ar. UK: Penguin Books.
ISBN  978-0-241-97919-8 .
Dower , John W . (1986). War W ithout Mercy: Race and Power in the Pacific W ar (https://archive.
org/details/warwithoutmercyr0000dowe) . New York: Pantheon Books . ISBN  978-0-394-
50030-0 .
Drea, Edward J. (2003). In the Service of the Emperor: Essays on the Imperial Japanese Army .
Lincoln, Nebraska: University of Nebraska Press . ISBN  978-0-8032-6638-4 .
de Grazia, V ictoria; Paggi, Leonardo (Autumn 1991). ""Story of an Ordinary Massacre: Civitella
della Chiana, 29 June, 1944"". Cardozo Studies in Law and Literature . 3 (2): 153– 169."
316,3,d7f03a24-a627-4fc5-abbb-bd7ac66c876e,190,"della Chiana, 29 June, 1944"". Cardozo Studies in Law and Literature . 3 (2): 153– 169.
doi:10.1525/lal.1991.3.2.02a00030  (https://doi.org/10.1525%2Flal.1991.3.2.02a00030) .
JSTOR 743479  (https://www .jstor .org/stable/743479) .
Dunn, Dennis J. (1998). Caught Between Roosevelt & Stalin: America's Ambassadors to
Moscow . Lexington, Kentucky: University Press of Kentucky . ISBN  978-0-8131-2023-2 .
Eastman, Lloyd E. (1986). ""Nationalist China during the Sino-Japanese W ar 1937–1945"". In
John K. Fairbank; Denis Twitchett (eds.). The Cambridge History of China – Republican
China 1912–1949, Part 2 . Vol. 13. Cambridge: Cambridge University Press . ISBN  978-0-
521-24338-4 .
Ellman, Michael  (2002). ""Soviet Repression Statistics: Some Comments""  (https://web.archive.or
g/web/20121 122071204/https://artukraine.com/old/famineart/SovietCrimes.pdf)  (PDF) .
Europe-Asia Studies . 54 (7): 1151– 1172. doi:10.1080/0966813022000017177  (https://doi.or"
317,3,d7f03a24-a627-4fc5-abbb-bd7ac66c876e,191,"Europe-Asia Studies . 54 (7): 1151– 1172. doi:10.1080/0966813022000017177  (https://doi.or
g/10.1080%2F0966813022000017177) . JSTOR 826310  (https://www .jstor .org/stable/82631
0). S2CID  43510161  (https://api.semanticscholar .org/CorpusID:43510161) . Archived from
the original  (https://artukraine.com/old/famineart/SovietCrimes.pdf)  (PDF)  on 22 November
2012.  Copy  (https://web.archive.org/web/201301 15023408/https://www .docstoc.com/docs/8
1203576/Soviet-Repression-Statistics-Some-Comments)
———; Maksudov , S. (1994). ""Soviet Deaths in the Great Patriotic W ar: A Note""  (https://sovietin
fo.tripod.com/ELM-W ar_Deaths.pdf)  (PDF) . Europe-Asia Studies . 46 (4): 671– 680.
doi:10.1080/09668139408412190  (https://doi.org/10.1080%2F09668139408412190) .
JSTOR 152934  (https://www .jstor .org/stable/152934) . PMID  12288331  (https://pubmed.ncbi.
nlm.nih.gov/12288331) . Archived  (https://web.archive.org/web/20220213194518/https://sovi"
318,3,d7f03a24-a627-4fc5-abbb-bd7ac66c876e,192,"nlm.nih.gov/12288331) . Archived  (https://web.archive.org/web/20220213194518/https://sovi
etinfo.tripod.com/ELM-W ar_Deaths.pdf)  (PDF)  from the original on 13 February 2022 .
Retrieved 17 February  2022 .
Emadi-Cof fin, Barbara (2002). Rethinking International Organization: Deregulation and Global
Governance . London & New York: Routledge . ISBN  978-0-415-19540-9 .
Erickson, John  (2001). ""Moskalenko"". In Shukman, Harold (ed.). Stalin's Generals . London:
Phoenix Press . pp. 137– 154. ISBN  978-1-84212-513-7 .
——— (2003). The Road to Stalingrad . London: Cassell Military . ISBN  978-0-304-36541-8 .
Evans, David C.; Peattie, Mark R. (2012) [1997]. Kaigun: Strategy , Tactics, and T echnology in
the Imperial Japanese Navy . Annapolis, Maryland: Naval Institute Press . ISBN  978-1-591 14-
244-7 .
Evans, Richard J.  (2008). The Third Reich at W ar. London: Allen Lane . ISBN  978-0-7139-9742-
2.
Fairbank, John King ; Goldman, Merle  (2006) [1994]. China: A New History  (2nd  ed.)."
319,3,d7f03a24-a627-4fc5-abbb-bd7ac66c876e,193,"2.
Fairbank, John King ; Goldman, Merle  (2006) [1994]. China: A New History  (2nd  ed.).
Cambridge: Harvard University Press . ISBN  978-0-674-01828-0 .
Farrell, Brian P . (1993). ""Y es, Prime Minister: Barbarossa, Whipcord, and the Basis of British
Grand Strategy , Autumn 1941"". Journal of Military History . 57 (4): 599– 625.
doi:10.2307/2944096  (https://doi.org/10.2307%2F2944096) . JSTOR 2944096  (https://www .j
stor.org/stable/2944096) .
Ferguson, Niall  (2006). The W ar of the World: T wentieth-Century Conflict and the Descent of
the W est (https://archive.org/details/warofworldtwenti00nial) . Penguin. ISBN  978-0-14-
311239-6 .
Forrest, Glen; Evans, Anthony; Gibbons, David (2012). The Illustrated T imeline of Military
History . New York: Rosen. ISBN  978-1-4488-4794-5 .
Förster , Jürgen  (1998). ""Hitler's Decision in Favour of W ar"". In Horst Boog; Jürgen Förster;
Joachim Hof fmann; Ernst Klink; Rolf-Dieter Muller; Gerd R. Ueberschar (eds.). Germany"
320,3,d7f03a24-a627-4fc5-abbb-bd7ac66c876e,194,"Joachim Hof fmann; Ernst Klink; Rolf-Dieter Muller; Gerd R. Ueberschar (eds.). Germany
and the Second World W ar – The Attack on the Soviet Union . Vol. IV. Oxford: Clarendon
Press . pp. 13–52. ISBN  978-0-19-822886-8 .
Förster , Stig; Gessler , Myriam (2005). ""The Ultimate Horror: Reflections on Total W ar and
Genocide""  (https://books.google.com/books?id=evVPoSwqrG4C&pg=P A53) . In Roger
Chickering; Stig Förster; Bernd Greiner (eds.). A World at T otal W ar: Global Conflict and the
Politics of Destruction, 1937–1945 . Cambridge: Cambridge University Press . pp. 53–68.
ISBN  978-0-521-83432-2 .
Frank, Richard B.  (2020). Tower of Skulls: A History of The Asia-Pacific W ar July 1937 – May
1942 . W. W. Norton & Company . p. 161. ISBN  978-1-324-00210-9 .
Frei, Norbert (2002). Adenauer's Germany and the Nazi Past: The Politics of Amnesty and
Integration  (https://archive.org/details/adenauersgermany00frei) . New York: Columbia
University Press . ISBN  978-0-231-1 1882-8 ."
321,3,d7f03a24-a627-4fc5-abbb-bd7ac66c876e,195,"Integration  (https://archive.org/details/adenauersgermany00frei) . New York: Columbia
University Press . ISBN  978-0-231-1 1882-8 .
Gardiner , Robert; Brown, David K., eds. (2004). The Eclipse of the Big Gun: The W arship
1906–1945 . London: Conway Maritime Press . ISBN  978-0-85177-953-9 .
Garver , John W . (1988). Chinese-Soviet Relations, 1937–1945: The Diplomacy of Chinese
Nationalism . New York: Oxford University Press . ISBN  978-0-19-505432-3 .
Gilbert, Martin  (1989). Second World W ar (https://archive.org/details/secondworldwar00gilb_0) .
London: W eidenfeld and Nicolson. ISBN  978-0-297-79616-9 .
Glantz, David M.  (1986). ""Soviet Defensive Tactics at Kursk, July 1943""  (https://web.archive.org/
web/20080306082607/https://www-cgsc.army .mil/carl/resources/csi/glantz2/glantz2.asp) .
Combined Arms Research Library . CSI Report No. 1 1. Command and General Staf f
College. OCLC  278029256  (https://search.worldcat.org/oclc/278029256) . Archived from the"
322,3,d7f03a24-a627-4fc5-abbb-bd7ac66c876e,196,"College. OCLC  278029256  (https://search.worldcat.org/oclc/278029256) . Archived from the
original  (https://www-cgsc.army .mil/carl/resources/csi/glantz2/glantz2.asp)  on 6 March 2008 .
Retrieved 15 July  2013 .
——— (1989). Soviet Military Deception in the Second World W ar. Abingdon & New York: Frank
Cass . ISBN  978-0-7146-3347-3 .
——— (1998). When T itans Clashed: How the Red Army Stopped Hitler  (https://archive.org/det
ails/whentitansclashe00glan_0) . Lawrence, Kansas: University Press of Kansas . ISBN  978-
0-7006-0899-7 .
——— (2001). ""The Soviet-German W ar 1941–45 Myths and Realities: A Survey Essay""  (http
s://web.archive.org/web/201 10709141048/https://www .strom.clemson.edu/publications/sg-w
ar41-45.pdf)  (PDF) . Archived from the original  (https://www .strom.clemson.edu/publications/
sg-war41-45.pdf)  (PDF)  on 9 July 201 1.
——— (2002). The Battle for Leningrad: 1941–1944  (https://archive.org/details/battleforleningr0"
323,3,d7f03a24-a627-4fc5-abbb-bd7ac66c876e,197,"sg-war41-45.pdf)  (PDF)  on 9 July 201 1.
——— (2002). The Battle for Leningrad: 1941–1944  (https://archive.org/details/battleforleningr0
0glan) . Lawrence, Kansas: University Press of Kansas . ISBN  978-0-7006-1208-6 .
——— (2005). ""August Storm: The Soviet Strategic Of fensive in Manchuria""  (https://web.archiv
e.org/web/20080302130751/https://www-cgsc.army .mil/carl/resources/csi/glantz3/glantz3.as
p). Combined Arms Research Library . Leavenworth Papers. Command and General Staf f
College. OCLC  78918907  (https://search.worldcat.org/oclc/78918907) . Archived from the
original  (https://www-cgsc.army .mil/carl/resources/csi/glantz3/glantz3.asp)  on 2 March 2008 .
Retrieved 15 July  2013 .
Goldstein, Margaret J. (2004). World W ar II: Europe  (https://archive.org/details/worldwariieurop
e0000gold) . Minneapolis: Lerner Publications . ISBN  978-0-8225-0139-8 .
Gordon, Andrew  (2004). ""The greatest military armada ever launched""  (https://archive.org/detail"
324,3,d7f03a24-a627-4fc5-abbb-bd7ac66c876e,198,"Gordon, Andrew  (2004). ""The greatest military armada ever launched""  (https://archive.org/detail
s/ddaycompanion00jane/page/127) . In Jane Penrose (ed.). The D-Day Companion . Oxford:
Osprey Publishing . pp. 127–144  (https://archive.org/details/ddaycompanion00jane/page/12
7). ISBN  978-1-84176-779-6 .
Gordon, Robert S. C. (2012). The Holocaust in Italian Culture, 1944–2010 . Stanford, California:
Stanford University Press . ISBN  978-0-8047-6346-2 .
Grayling, A. C. (2014). Among the Dead Cities: Is the T argeting of Civilians in W ar Ever
Justified? . London: Bloomsbury . ISBN  978-1-4725-2603-8 .
Grove, Eric J. (1995). ""A  Service V indicated, 1939–1946"". In J. R. Hill (ed.). The Oxford
Illustrated History of the Royal Navy . Oxford: Oxford University Press . pp. 348– 380.
ISBN  978-0-19-21 1675-8 .
Hane, Mikiso (2001). Modern Japan: A Historical Survey  (https://archive.org/details/modernjapa"
325,3,d7f03a24-a627-4fc5-abbb-bd7ac66c876e,199,"ISBN  978-0-19-21 1675-8 .
Hane, Mikiso (2001). Modern Japan: A Historical Survey  (https://archive.org/details/modernjapa
nhisto00hane_0)  (3rd ed.). Boulder , Colorado: Westview Press . ISBN  978-0-8133-3756-2 .
Hanhimäki, Jussi M. (1997). Containing Coexistence: America, Russia, and the ""Finnish
Solution"" . Kent, Ohio: Kent State University Press . ISBN  978-0-87338-558-9 .
Hanson, V ictor Davis (2017). The Second World W ars: How the First Global Conflict W as
Fought and Won . New York: Basic Books. ISBN  978-0-465-06698-8 .
Harris, Sheldon H.  (2002). Factories of Death: Japanese Biological W arfare, 1932–1945, and
the American Cover -up (2nd  ed.). London & New York: Routledge . ISBN  978-0-415-93214-
1.
Harrison, Mark (1998). ""The economics of W orld W ar II: an overview"". In Mark Harrison (ed.).
The Economics of World W ar II: Six Great Powers in International Comparison . Cambridge:
Cambridge University Press . pp. 1–42. ISBN  978-0-521-62046-8 ."
326,3,d7f03a24-a627-4fc5-abbb-bd7ac66c876e,200,"Cambridge University Press . pp. 1–42. ISBN  978-0-521-62046-8 .
Hart, Stephen; Hart, Russell; Hughes, Matthew (2000). The German Soldier in World W ar II.
Osceola, Wisconsin: MBI Publishing Company . ISBN  978-1-86227-073-2 .
Hastings, Max (201 1). All Hell Let Loose: the World at W ar 1939-1945 . London: Harper Press.
ISBN  9780-00-733809-2 .
Hauner , Milan (1978). ""Did Hitler W ant a W orld Dominion?"". Journal of Contemporary History .
13 (1): 15–32. doi:10.1177/002200947801300102  (https://doi.org/10.1 177%2F00220094780
1300102) . JSTOR 260090  (https://www .jstor .org/stable/260090) . S2CID  154865385  (https://
api.semanticscholar .org/CorpusID:154865385) .
Healy , Mark (1992). Kursk 1943: The T ide T urns in the East . Oxford: Osprey Publishing .
ISBN  978-1-85532-21 1-0.
Hearn, Chester G. (2007). Carriers in Combat: The Air W ar at Sea  (https://archive.org/details/ca
rriersincombat0000hear) . Mechanicsburg, Pennsylvania: Stackpole Books . ISBN  978-0-
8117-3398-4 ."
327,3,d7f03a24-a627-4fc5-abbb-bd7ac66c876e,201,"rriersincombat0000hear) . Mechanicsburg, Pennsylvania: Stackpole Books . ISBN  978-0-
8117-3398-4 .
Hempel, Andrew (2005). Poland in World W ar II: An Illustrated Military History . New York:
Hippocrene Books . ISBN  978-0-7818-1004-3 .
Herbert, Ulrich  (1994). ""Labor as spoils of conquest, 1933–1945"". In David F . Crew (ed.).
Nazism and German Society , 1933–1945  (https://archive.org/details/nazismgermansoci0000
unse) . London & New York: Routledge . pp. 219–273  (https://archive.org/details/nazismgerm
ansoci0000unse/page/219) . ISBN  978-0-415-08239-6 .
Herbert, Ulrich (2014). ""Forced labour"". In Dear , I. C. B.; Foot, M. R. D. (eds.). The Oxford
Companion to World W ar II. Oxford University Press.
doi:10.1093/acref/9780198604464.001.0001  (https://doi.org/10.1093%2Facref%2F9780198
604464.001.0001) . ISBN  978-0-19-172760-3 .
Herf, Jef frey (2003). ""The Nazi Extermination Camps and the Ally to the East. Could the Red"
328,3,d7f03a24-a627-4fc5-abbb-bd7ac66c876e,202,"604464.001.0001) . ISBN  978-0-19-172760-3 .
Herf, Jef frey (2003). ""The Nazi Extermination Camps and the Ally to the East. Could the Red
Army and Air Force Have Stopped or Slowed the Final Solution?"". Kritika: Explorations in
Russian and Eurasian History . 4 (4): 913– 930. doi:10.1353/kri.2003.0059  (https://doi.org/10.
1353%2Fkri.2003.0059) . S2CID  159958616  (https://api.semanticscholar .org/CorpusID:1599
58616) .
Hill, Alexander (2005). The W ar Behind The Eastern Front: The Soviet Partisan Movement In
North-W est Russia 1941–1944 . London & New York: Frank Cass . ISBN  978-0-7146-571 1-0.
Holland, James (2008). Italy's Sorrow: A Year of W ar 1944–45 . London: HarperPress .
ISBN  978-0-00-717645-8 .
Hosking, Geof frey A. (2006). Rulers and V ictims: The Russians in the Soviet Union  (https://archi
ve.org/details/rulersvictimsrus00hosk) . Cambridge: Harvard University Press . ISBN  978-0-
674-02178-5 ."
329,3,d7f03a24-a627-4fc5-abbb-bd7ac66c876e,203,"ve.org/details/rulersvictimsrus00hosk) . Cambridge: Harvard University Press . ISBN  978-0-
674-02178-5 .
Howard, Joshua H. (2004). Workers at W ar: Labor in China's Arsenals, 1937–1953 . Stanford,
California: Stanford University Press . ISBN  978-0-8047-4896-4 .
Hsu, Long-hsuen; Chang, Ming-kai (1971). History of The Sino-Japanese W ar (1937–1945)
(2nd ed.). Chung W u Publishers. ASIN  B00005W210  (https://www .amazon.com/dp/B00005
W210) . OCLC  12828898  (https://search.worldcat.org/oclc/12828898) .
Ingram, Norman (2006). ""Pacifism"". In Lawrence D. Kritzman ; Brian J. Reilly (eds.). The
Columbia History Of T wentieth-Century French Thought  (https://archive.org/details/columbia
historyo2006unse) . New York: Columbia University Press . pp. 76–78  (https://archive.org/det
ails/columbiahistoryo2006unse/page/76) . ISBN  978-0-231-10791-4 .
Iriye, Akira  (1981). Power and Culture: The Japanese-American W ar, 1941–1945  (https://archiv"
330,3,d7f03a24-a627-4fc5-abbb-bd7ac66c876e,204,"Iriye, Akira  (1981). Power and Culture: The Japanese-American W ar, 1941–1945  (https://archiv
e.org/details/powerculture00akir) . Cambridge, Massachusetts: Harvard University Press .
ISBN  978-0-674-69580-1 .
Jackson, Ashley  (2006). The British Empire and the Second World W ar. London & New York:
Hambledon Continuum . ISBN  978-1-85285-417-1 .
Jacob, Frank (2018). Japanese W ar Crimes during World W ar II: Atrocity and the Psychology of
Collective V iolence . Santa Barbara, California: Praeger . ISBN  978-1-4408-4449-2 .
Joes, Anthony James (2004). Resisting Rebellion: The History And Politics of
Counterinsurgency . Lexington: University Press of Kentucky . ISBN  978-0-8131-2339-4 .
Jowett, Philip S. (2001). The Italian Army 1940–45, V olume 2: Africa 1940–43 . Oxford: Osprey
Publishing . ISBN  978-1-85532-865-5 .
———; Andrew , Stephen (2002). The Japanese Army , 1931–45 . Oxford: Osprey Publishing .
ISBN  978-1-84176-353-8 ."
331,3,d7f03a24-a627-4fc5-abbb-bd7ac66c876e,205,"———; Andrew , Stephen (2002). The Japanese Army , 1931–45 . Oxford: Osprey Publishing .
ISBN  978-1-84176-353-8 .
Jukes, Geof frey (2001). ""Kuznetzov"". In Harold Shukman (ed.). Stalin's Generals . London:
Phoenix Press . pp. 109– 116. ISBN  978-1-84212-513-7 .
Kantowicz, Edward R. (1999). The Rage of Nations  (https://archive.org/details/rageofnations000
0kant) . Grand Rapids, Michigan: William B. Eerdmans . ISBN  978-0-8028-4455-2 .
——— (2000). Coming Apart, Coming T ogether  (https://archive.org/details/comingapartcomin00
00kant) . Grand Rapids, Michigan: William B. Eerdmans . ISBN  978-0-8028-4456-9 .
Keeble, Curtis  (1990). ""The historical perspective"". In Alex Pravda; Peter J. Duncan (eds.).
Soviet-British Relations Since the 1970s . Cambridge: Cambridge University Press .
ISBN  978-0-521-37494-1 .
Keegan, John  (1997). The Second World W ar. London: Pimlico . ISBN  978-0-7126-7348-8 .
Kennedy , David M.  (2001). Freedom from Fear: The American People in Depression and W ar,"
332,3,d7f03a24-a627-4fc5-abbb-bd7ac66c876e,206,"Kennedy , David M.  (2001). Freedom from Fear: The American People in Depression and W ar,
1929–1945 . Oxford University Press. ISBN  978-0-19-514403-1 .
Kennedy-Pipe, Caroline (1995). Stalin's Cold W ar: Soviet Strategies in Europe, 1943–56 .
Manchester: Manchester University Press . ISBN  978-0-7190-4201-0 .
Kershaw , Ian (2001). Hitler , 1936–1945: Nemesis  (https://archive.org/details/hitler193645neme0
0kers) . New York: W . W. Norton. ISBN  978-0-393-04994-7 .
——— (2007). Fateful Choices: T en Decisions That Changed the World, 1940–1941  (https://arc
hive.org/details/fatefulchoiceste0000kers) . London: Allen Lane . ISBN  978-0-7139-9712-5 .
Kitson, Alison (2001). Germany 1858–1990: Hope, T error, and Revival  (https://archive.org/detail
s/germany18581990h0000kits) . Oxford: Oxford University Press . ISBN  978-0-19-913417-5 .
Klavans, Richard A.; Di Benedetto, C. Anthony; Prudom, Melanie J. (1997). ""Understanding"
333,3,d7f03a24-a627-4fc5-abbb-bd7ac66c876e,207,"Klavans, Richard A.; Di Benedetto, C. Anthony; Prudom, Melanie J. (1997). ""Understanding
Competitive Interactions: The U.S. Commercial Aircraft Market"". Journal of Managerial
Issues . 9 (1): 13–361. JSTOR 40604127  (https://www .jstor .org/stable/40604127) .
Kleinfeld, Gerald R. (1983). ""Hitler's Strike for Tikhvin"". Military Affairs . 47 (3): 122– 128.
doi:10.2307/1988082  (https://doi.org/10.2307%2F1988082) . JSTOR 1988082  (https://www .j
stor.org/stable/1988082) .
Koch, H. W . (1983). ""Hitler's 'Programme' and the Genesis of Operation 'Barbarossa' "". The
Historical Journal . 26 (4): 891– 920. doi:10.1017/S0018246X00012747  (https://doi.org/10.10
17%2FS0018246X00012747) . JSTOR 2639289  (https://www .jstor .org/stable/2639289) .
S2CID  159671713  (https://api.semanticscholar .org/CorpusID:159671713) .
Kolko, Gabriel  (1990) [1968]. The Politics of W ar: The World and United States Foreign Policy ,"
334,3,d7f03a24-a627-4fc5-abbb-bd7ac66c876e,208,"Kolko, Gabriel  (1990) [1968]. The Politics of W ar: The World and United States Foreign Policy ,
1943–1945  (https://archive.org/details/politicsofwarwor00kolkrich) . New York: Random
House . ISBN  978-0-679-72757-6 .
Kratoska, Paul H. (2015). ""Introduction"". In Kratoska, Paul H. (ed.). Asian Labor in the W artime
Japanese Empire: Unknown Histories . London and New York: Routledge. ISBN  978-0-7656-
1263-2 .
Laurier , Jim (2001). Tobruk 1941: Rommel's Opening Move . Oxford: Osprey Publishing .
ISBN  978-1-84176-092-6 .
Lee, En-han (2002). ""The Nanking Massacre Reassessed: A Study of the Sino-Japanese
Controversy over the Factual Number of Massacred V ictims"". In Robert Sabella; Fei Fei Li;
David Liu (eds.). Nanking 1937: Memory and Healing . Armonk, New York: M. E. Sharpe .
pp. 47–74. ISBN  978-0-7656-0816-1 .
Leffler, Melvyn P .; Westad, Odd Arne , eds. (2010). The Cambridge History of the Cold W ar.
Cambridge: Cambridge University Press . ISBN  978-0-521-83938-9 , in 3 volumes."
335,3,d7f03a24-a627-4fc5-abbb-bd7ac66c876e,209,"Cambridge: Cambridge University Press . ISBN  978-0-521-83938-9 , in 3 volumes.
Levine, Alan J. (1992). The Strategic Bombing of Germany , 1940–1945 . Westport, Connecticut:
Praeger . ISBN  978-0-275-94319-6 .
Lewis, Morton (1953). ""Japanese Plans and American Defenses""  (https://web.archive.org/web/2
0120108061554/https://www .history .army .mil/books/wwii/5-2/5-2_Contents.htm) . In
Greenfield, Kent Roberts (ed.). The Fall of the Philippines  (https://www .history .army .mil/book
s/wwii/5-2/5-2_Contents.htm) . Washington, D.C.: US Government Printing Of fice. LCCN  53-
63678  (https://lccn.loc.gov/53-63678) . Archived from the original  (https://www .history .army .m
il/books/wwii/5-2/5-2_29.htm)  on 8 January 2012 . Retrieved 1 October  2009 .
Liberman, Peter (1996). Does Conquest Pay?: The Exploitation of Occupied Industrial
Societies . Princeton, New Jersey: Princeton University Press . ISBN  978-0-691-02986-3 ."
336,3,d7f03a24-a627-4fc5-abbb-bd7ac66c876e,210,"Societies . Princeton, New Jersey: Princeton University Press . ISBN  978-0-691-02986-3 .
Liddell Hart, Basil (1977). History of the Second World W ar (https://archive.org/details/historyofs
econdw0000lidd_i0g4)  (4th ed.). London: Pan. ISBN  978-0-330-23770-3 .
Lightbody , Bradley (2004). The Second World W ar: Ambitions to Nemesis . London & New York:
Routledge . ISBN  978-0-415-22404-8 .
Lindberg, Michael; Todd, Daniel (2001). Brown-, Green- and Blue-W ater Fleets: the Influence of
Geography on Naval W arfare, 1861 to the Present . Westport, Connecticut: Praeger .
ISBN  978-0-275-96486-3 .
Lowe, C. J.; Marzari, F . (2002). Italian Foreign Policy 1870–1940 . London: Routledge .
ISBN  978-0-415-26681-9 .
Lynch, Michael (2010). The Chinese Civil W ar 1945–49 . Oxford: Osprey Publishing . ISBN  978-
1-84176-671-3 .
Maddox, Robert James (1992). The United States and World W ar II (https://archive.org/details/u"
337,3,d7f03a24-a627-4fc5-abbb-bd7ac66c876e,211,"1-84176-671-3 .
Maddox, Robert James (1992). The United States and World W ar II (https://archive.org/details/u
nitedstateswor00madd) . Boulder , Colorado: Westview Press . ISBN  978-0-8133-0437-3 .
Maingot, Anthony P . (1994). The United States and the Caribbean: Challenges of an
Asymmetrical Relationship . Boulder , Colorado: Westview Press . ISBN  978-0-8133-2241-4 .
Mandelbaum, Michael (1988). The Fate of Nations: The Search for National Security in the
Nineteenth and T wentieth Centuries  (https://archive.org/details/isbn_9780521357906/page/
96). Cambridge University Press . p. 96 (https://archive.org/details/isbn_9780521357906/pag
e/96) . ISBN  978-0-521-35790-6 .
Marston, Daniel (2005). The Pacific W ar Companion: From Pearl Harbor to Hiroshima . Oxford:
Osprey Publishing . ISBN  978-1-84176-882-3 .
Masaya, Shiraishi (1990). Japanese Relations with V ietnam, 1951–1987 . Ithaca, New York:
SEAP  Publications . ISBN  978-0-87727-122-2 ."
338,3,d7f03a24-a627-4fc5-abbb-bd7ac66c876e,212,"Masaya, Shiraishi (1990). Japanese Relations with V ietnam, 1951–1987 . Ithaca, New York:
SEAP  Publications . ISBN  978-0-87727-122-2 .
May, Ernest R.  (1955). ""The United States, the Soviet Union, and the Far Eastern W ar, 1941–
1945"". Pacific Historical Review . 24 (2): 153– 174. doi:10.2307/3634575  (https://doi.org/10.2
307%2F3634575) . JSTOR 3634575  (https://www .jstor .org/stable/3634575) .
Mazower , Mark  (2008). Hitler's Empire: Nazi Rule in Occupied Europe  (https://archive.org/detail
s/hitlersempirehow0000mazo) . London: Allen Lane . ISBN  978-1-59420-188-2 .
Milner , Marc  (1990). ""The Battle of the Atlantic"". In Gooch, John (ed.). Decisive Campaigns of
the Second World W ar. Abingdon: Frank Cass . pp. 45–66. ISBN  978-0-7146-3369-5 .
Milward, A. S. (1964). ""The End of the Blitzkrieg"". The Economic History Review . 16 (3): 499–
518. JSTOR 2592851  (https://www .jstor .org/stable/2592851) ."
339,3,d7f03a24-a627-4fc5-abbb-bd7ac66c876e,213,"518. JSTOR 2592851  (https://www .jstor .org/stable/2592851) .
——— (1992) [1977]. War, Economy , and Society , 1939–1945 . Berkeley , California: University
of California  Press. ISBN  978-0-520-03942-1 .
Minford, Patrick  (1993). ""Reconstruction and the UK Postwar W elfare State: False Start and
New Beginning"". In Rudiger Dornbusch; Wilhelm Nölling; Richard Layard (eds.). Postwar
Economic Reconstruction and Lessons for the East T oday . Cambridge, Massachusetts: MIT
Press . pp. 115–138. ISBN  978-0-262-04136-2 .
Mingst, Karen A.; Karns, Margaret P . (2007). United Nations in the T wenty-First Century  (https://
archive.org/details/unitednationsin20000ming)  (3rd ed.). Boulder , Colorado: Westview
Press . ISBN  978-0-8133-4346-4 .
Miscamble, Wilson D. (2007). From Roosevelt to T ruman: Potsdam, Hiroshima, and the Cold
War. New York: Cambridge University Press . ISBN  978-0-521-86244-8 .
Mitcham, Samuel W . (2007) [1982]. Rommel's Desert W ar: The Life and Death of the Afrika"
340,3,d7f03a24-a627-4fc5-abbb-bd7ac66c876e,214,"Mitcham, Samuel W . (2007) [1982]. Rommel's Desert W ar: The Life and Death of the Afrika
Korps . Mechanicsburg, Pennsylvania: Stackpole Books . ISBN  978-0-81 17-3413-4 .
Mitter , Rana  (2014). Forgotten Ally: China's World W ar II, 1937–1945 . Mariner Books.
ISBN  978-0-544-33450-2 .
Molinari, Andrea (2007). Desert Raiders: Axis and Allied Special Forces 1940–43 . Oxford:
Osprey Publishing . ISBN  978-1-84603-006-2 .
Murray , Williamson  (1983). Strategy for Defeat: The Luftwaffe, 1933–1945  (https://www .ibiblio.o
rg/hyperwar/AAF/AAF-Luftwaf fe). Maxwell Air Force Base , Alabama: Air University Press .
ISBN  978-1-4294-9235-5 . Archived  (https://web.archive.org/web/20220124100749/https://w
ww.ibiblio.org/hyperwar/AAF/AAF-Luftwaf fe) from the original on 24 January 2022 .
Retrieved 17 February  2022 .
———; Millett, Allan Reed (2001). A War to Be Won: Fighting the Second World W ar.
Cambridge, Massachusetts: Harvard University Press . ISBN  978-0-674-00680-5 ."
341,3,d7f03a24-a627-4fc5-abbb-bd7ac66c876e,215,"Cambridge, Massachusetts: Harvard University Press . ISBN  978-0-674-00680-5 .
Myers, Ramon; Peattie, Mark (1987). The Japanese Colonial Empire, 1895–1945 . Princeton,
New Jersey: Princeton University Press . ISBN  978-0-691-10222-1 .
Naimark, Norman  (2010). ""The Sovietization of Eastern Europe, 1944–1953"". In Melvyn P .
Leffler; Odd Arne W estad (eds.). The Cambridge History of the Cold W ar – Origins . Vol. I.
Cambridge: Cambridge University Press . pp. 175– 197. ISBN  978-0-521-83719-4 .
Neary , Ian (1992). ""Japan"". In Martin Harrop (ed.). Power and Policy in Liberal Democracies .
Cambridge: Cambridge University Press . pp. 49–70. ISBN  978-0-521-34579-8 .
Neillands, Robin  (2005). The Dieppe Raid: The Story of the Disastrous 1942 Expedition  (https://
archive.org/details/diepperaidstoryo00robi) . Bloomington, Indiana: Indiana University Press .
ISBN  978-0-253-34781-7 .
Neulen, Hans W erner (2000). In the skies of Europe – Air Forces allied to the Luftwaffe 1939–"
342,3,d7f03a24-a627-4fc5-abbb-bd7ac66c876e,216,"ISBN  978-0-253-34781-7 .
Neulen, Hans W erner (2000). In the skies of Europe – Air Forces allied to the Luftwaffe 1939–
1945 . Ramsbury , Marlborough, United Kingdom: The Crowood Press. ISBN  978-1-86126-
799-3 .
Neumann, Caryn E. (2013). ""Rape (Red Army in W orld W ar II)"". In Mikaberidze, Alexander
(ed.). Atrocities, Massacres and W ar Crimes: An Encyclopedia . Vol. II, M–Z. Santa Barbara,
California: ABC-CLEO. ISBN  978-1-59884-925-7 .
Niewyk, Donald L.; Nicosia, Francis (2000). The Columbia Guide to the Holocaust  (https://archiv
e.org/details/columbiaguidetot00niew) . New York: Columbia University Press . ISBN  978-0-
231-1 1200-0 .
Overy , Richard  (1994). War and Economy in the Third Reich  (https://archive.org/details/warecon
omyinthir00over) . New York: Clarendon Press . ISBN  978-0-19-820290-5 .
——— (1995). Why the Allies Won  (https://archive.org/details/isbn_9780712674539) . London:
Pimlico. ISBN  978-0-7126-7453-9 ."
343,3,d7f03a24-a627-4fc5-abbb-bd7ac66c876e,217,"——— (1995). Why the Allies Won  (https://archive.org/details/isbn_9780712674539) . London:
Pimlico. ISBN  978-0-7126-7453-9 .
——— (2004). The Dictators: Hitler's Germany , Stalin's Russia  (https://archive.org/details/dictat
ors00rich) . New York: W . W. Norton. ISBN  978-0-393-02030-4 .
———; Wheatcroft, Andrew (1999). The Road to W ar (https://archive.org/details/roadtowar00ov
er) (2nd  ed.). London: Penguin Books . ISBN  978-0-14-028530-7 .
O'Reilly , Charles T. (2001). Forgotten Battles: Italy's W ar of Liberation, 1943–1945 . Lanham,
Maryland: Lexington Books . ISBN  978-0-7391-0195-7 .
Painter , David S.  (2012). ""Oil and the American Century""  (https://doi.org/10.1093%2Fjahist%2Fj
as073) . The Journal of American History . 99 (1): 24–39. doi:10.1093/jahist/jas073  (https://do
i.org/10.1093%2Fjahist%2Fjas073) .
Padfield, Peter (1998). War Beneath the Sea: Submarine Conflict During World W ar II (https://ar"
344,3,d7f03a24-a627-4fc5-abbb-bd7ac66c876e,218,"i.org/10.1093%2Fjahist%2Fjas073) .
Padfield, Peter (1998). War Beneath the Sea: Submarine Conflict During World W ar II (https://ar
chive.org/details/warbeneathseasub0000padf) . New York: John Wiley . ISBN  978-0-471-
24945-0 .
Pape, Robert A. (1993). ""Why Japan Surrendered"". International Security . 18 (2): 154– 201.
doi:10.2307/2539100  (https://doi.org/10.2307%2F2539100) . JSTOR 2539100  (https://www .j
stor.org/stable/2539100) . S2CID  153741 180 (https://api.semanticscholar .org/CorpusID:1537
41180).
Parker , Danny S. (2004). Battle of the Bulge: Hitler's Ardennes Offensive, 1944–1945
(New  ed.). Cambridge, Massachusetts: Da Capo Press . ISBN  978-0-306-81391-7 .
Payne, Stanley G.  (2008). Franco and Hitler: Spain, Germany , and World W ar II. New Haven,
Connecticut: Yale University Press . ISBN  978-0-300-12282-4 .
Perez, Louis G. (1998). The History of Japan  (https://archive.org/details/historyofjapan00pere) ."
345,3,d7f03a24-a627-4fc5-abbb-bd7ac66c876e,219,"Perez, Louis G. (1998). The History of Japan  (https://archive.org/details/historyofjapan00pere) .
Westport, Connecticut: Greenwood Publishing Group . ISBN  978-0-313-30296-1 .
Petrov , Vladimir (1967). Money and Conquest: Allied Occupation Currencies in World W ar II.
Baltimore, Maryland: Johns Hopkins University Press . ISBN  978-0-8018-0530-1 .
Polley , Martin (2000). An A–Z of Modern Europe Since 1789 . London & New York: Routledge .
ISBN  978-0-415-18597-4 .
Portelli, Alessandro  (2003). The Order Has Been Carried Out: History , Memory , and Meaning of
a Nazi Massacre in Rome . Basingstoke & New York: Palgrave Macmillan . ISBN  978-1-4039-
8008-3 .
Preston, P . W. (1998). Pacific Asia in the Global System: An Introduction . Oxford & Malden,
Massachusetts: Blackwell Publishers . ISBN  978-0-631-20238-7 .
Prins, Gwyn (2002). The Heart of W ar: On Power , Conflict and Obligation in the T wenty-First
Century . London & New York: Routledge . ISBN  978-0-415-36960-2 ."
346,3,d7f03a24-a627-4fc5-abbb-bd7ac66c876e,220,"Century . London & New York: Routledge . ISBN  978-0-415-36960-2 .
Radtke, K. W . (1997). "" 'Strategic' concepts underlying the so-called Hirota foreign policy , 1933–
7"". In Aiko Ikeo (ed.). Economic Development in T wentieth Century East Asia: The
International Context . London & New York: Routledge . pp. 100– 120. ISBN  978-0-415-
14900-6 .
Rahn, W erner  (2001). ""The W ar in the Pacific"". In Horst Boog; W erner Rahn; Reinhard Stumpf;
Bernd W egner (eds.). Germany and the Second World W ar – The Global W ar. Vol. VI.
Oxford: Clarendon Press . pp. 191– 298. ISBN  978-0-19-822888-2 .
Ratclif f, R. A. (2006). Delusions of Intelligence: Enigma, Ultra, and the End of Secure Ciphers  (h
ttps://archive.org/details/delusionsofintel0000ratc) . New York: Cambridge University Press .
ISBN  978-0-521-85522-8 .
Read, Anthony (2004). The Devil's Disciples: Hitler's Inner Circle  (https://archive.org/details/devi
lsdisciplesh00read) . New York: W . W. Norton. ISBN  978-0-393-04800-1 ."
347,3,d7f03a24-a627-4fc5-abbb-bd7ac66c876e,221,"lsdisciplesh00read) . New York: W . W. Norton. ISBN  978-0-393-04800-1 .
Read, Anthony; Fisher , David (2002) [1992]. The Fall Of Berlin . London: Pimlico . ISBN  978-0-
7126-0695-0 .
Record, Jef fery (2005). Appeasement Reconsidered: Investigating the Mythology of the 1930s
(https://web.archive.org/web/2010041 1104102/https://www .strategicstudiesinstitute.army .mil/
pdffiles/PUB622.pdf)  (PDF) . Diane Publishing. p.  50. ISBN  978-1-58487-216-0 . Archived
from the original  (https://www .strategicstudiesinstitute.army .mil/pdf files/PUB622.pdf)  (PDF)
on 11 April 2010 . Retrieved 15 November  2009 .
Rees, Laurence  (2008). World W ar II Behind Closed Doors: Stalin, the Nazis and the W est.
London: BBC Books . ISBN  978-0-563-49335-8 .
Regan, Geof frey (2004). The Brassey's Book of Military Blunders  (https://archive.org/details/bra
sseysbookofmi00geof) . Brassey's. ISBN  978-1-57488-252-0 ."
348,3,d7f03a24-a627-4fc5-abbb-bd7ac66c876e,222,"sseysbookofmi00geof) . Brassey's. ISBN  978-1-57488-252-0 .
Reinhardt, Klaus  (1992). Moscow – The T urning Point: The Failure of Hitler's Strategy in the
Winter of 1941–42 . Oxford: Berg . ISBN  978-0-85496-695-0 .
Reynolds, David  (2006). From World W ar to Cold W ar: Churchill, Roosevelt, and the
International History of the 1940s . Oxford University Press . ISBN  978-0-19-92841 1-5.
Rich, Norman (1992) [1973]. Hitler's W ar Aims, V olume I: Ideology , the Nazi State, and the
Course of Expansion  (https://archive.org/details/hitlerswaraimsid00rich) . New York: W . W.
Norton. ISBN  978-0-393-00802-9 .
Ritchie, Ella (1992). ""France"". In Martin Harrop (ed.). Power and Policy in Liberal Democracies .
Cambridge: Cambridge University Press . pp. 23–48. ISBN  978-0-521-34579-8 .
Roberts, Cynthia A. (1995). ""Planning for W ar: The Red Army and the Catastrophe of 1941"".
Europe-Asia Studies . 47 (8): 1293– 1326. doi:10.1080/09668139508412322  (https://doi.org/"
349,3,d7f03a24-a627-4fc5-abbb-bd7ac66c876e,223,"Europe-Asia Studies . 47 (8): 1293– 1326. doi:10.1080/09668139508412322  (https://doi.org/
10.1080%2F09668139508412322) . JSTOR 153299  (https://www .jstor .org/stable/153299) .
Roberts, Geof frey (2006). Stalin's W ars: From World W ar to Cold W ar, 1939–1953 . New Haven,
Connecticut: Yale University Press . ISBN  978-0-300-1 1204-7 .
Roberts, J. M.  (1997). The Penguin History of Europe  (https://archive.org/details/penguinhistory
of00robe_1) . London: Penguin Books . ISBN  978-0-14-026561-3 .
Ropp, Theodore  (2000). War in the Modern World  (Revised  ed.). Baltimore, Maryland: Johns
Hopkins University Press . ISBN  978-0-8018-6445-2 .
Roskill, S. W . (1954). The W ar at Sea 1939–1945, V olume 1: The Defensive  (https://www .ibibli
o.org/hyperwar/UN/UK/UK-RN-I/index.html) . History of the Second W orld W ar. United
Kingdom Military Series. London: HMSO . Archived  (https://web.archive.org/web/202201040"
350,3,d7f03a24-a627-4fc5-abbb-bd7ac66c876e,224,"Kingdom Military Series. London: HMSO . Archived  (https://web.archive.org/web/202201040
23709/http://www .ibiblio.org/hyperwar/UN/UK/UK-RN-I/index.html)  from the original on 4
January 2022 . Retrieved 17 February  2022 .
Ross, Steven T. (1997). American W ar Plans, 1941–1945: The T est of Battle . Abingdon & New
York: Routledge . ISBN  978-0-7146-4634-3 .
Rottman, Gordon L. (2002). World W ar II Pacific Island Guide: A Geo-Military Study . Westport,
Connecticut: Greenwood Press . ISBN  978-0-313-31395-0 .
Rotundo, Louis (1986). ""The Creation of Soviet Reserves and the 1941 Campaign""  (https://star
s.library .ucf.edu/facultybib1980/534) . Military Affairs . 50 (1): 21–28. doi:10.2307/1988530  (ht
tps://doi.org/10.2307%2F1988530) . JSTOR 1988530  (https://www .jstor .org/stable/1988530) .
Salecker , Gene Eric (2001). Fortress Against the Sun: The B-17 Flying Fortress in the Pacific .
Conshohocken, Pennsylvania: Combined Publishing. ISBN  978-1-58097-049-5 ."
351,3,d7f03a24-a627-4fc5-abbb-bd7ac66c876e,225,"Conshohocken, Pennsylvania: Combined Publishing. ISBN  978-1-58097-049-5 .
Schain, Martin A., ed. (2001). The Marshall Plan Fifty Years Later . London: Palgrave Macmillan .
ISBN  978-0-333-92983-4 .
Schmitz, David F . (2000). Henry L. Stimson: The First W ise Man  (https://archive.org/details/henr
ylstimsonfir0000schm) . Lanham, Maryland: Rowman & Littlefield . ISBN  978-0-8420-2632-1 .
Schoppa, R. Keith (201 1). In a Sea of Bitterness, Refugees during the Sino-Japanese W ar (http
s://archive.org/details/inseaofbitternes0000scho) . Harvard University Press . ISBN  978-0-
674-05988-7 .
Sella, Amnon  (1978). "" ""Barbarossa"": Surprise Attack and Communication"". Journal of
Contemporary History . 13 (3): 555– 583. doi:10.1177/002200947801300308  (https://doi.org/
10.1177%2F002200947801300308) . JSTOR 260209  (https://www .jstor .org/stable/260209) .
S2CID  220880174  (https://api.semanticscholar .org/CorpusID:220880174) ."
352,3,d7f03a24-a627-4fc5-abbb-bd7ac66c876e,226,"S2CID  220880174  (https://api.semanticscholar .org/CorpusID:220880174) .
——— (1983). ""Khalkhin-Gol: The Forgotten W ar"". Journal of Contemporary History . 18 (4):
651– 687. doi:10.1177/002200948301800406  (https://doi.org/10.1 177%2F002200948301800
406). JSTOR 260307  (https://www .jstor .org/stable/260307) .
Senn, Alfred Erich  (2007). Lithuania 1940: Revolution from Above . Amsterdam & New York:
Rodopi . ISBN  978-9-0420-2225-6 .
Shaw , Anthony (2000). World W ar II: Day by Day . Osceola, Wisconsin: MBI Publishing
Company . ISBN  978-0-7603-0939-1 .
Shepardson, Donald E. (1998). ""The Fall of Berlin and the Rise of a Myth"". Journal of Military
History . 62 (1): 135– 154. doi:10.2307/120398  (https://doi.org/10.2307%2F120398) .
JSTOR 120398  (https://www .jstor .org/stable/120398) .
Shirer , William L.  (1990) [1960]. The Rise and Fall of the Third Reich: A History of Nazi
Germany . New York: Simon & Schuster . ISBN  978-0-671-72868-7 ."
353,3,d7f03a24-a627-4fc5-abbb-bd7ac66c876e,227,"Germany . New York: Simon & Schuster . ISBN  978-0-671-72868-7 .
Shore, Zachary (2003). What Hitler Knew: The Battle for Information in Nazi Foreign Policy  (http
s://archive.org/details/whathitlerknewba00shor_0) . New York: Oxford University Press .
ISBN  978-0-19-518261-3 .
Slim, William (1956). Defeat into V ictory . London: Cassell.
Smith, Alan (1993). Russia and the World Economy: Problems of Integration  (https://archive.or
g/details/russiaworldecono00smit) . London: Routledge . ISBN  978-0-415-08924-1 .
Smith, J. W . (1994). The World's W asted W ealth 2: Save Our W ealth, Save Our Environment .
Institute for Economic Democracy . ISBN  978-0-9624423-2-2 .
Smith, Peter C. (2002) [1970]. Pedestal: The Convoy That Saved Malta  (5th ed.). Manchester:
Goodall. ISBN  978-0-907579-19-9 .
Smith, David J.; Pabriks, Artis; Purs, Aldis; Lane, Thomas (2002). The Baltic States: Estonia,
Latvia and Lithuania . London: Routledge . ISBN  978-0-415-28580-3 ."
354,3,d7f03a24-a627-4fc5-abbb-bd7ac66c876e,228,"Latvia and Lithuania . London: Routledge . ISBN  978-0-415-28580-3 .
Smith, Winston; Steadman, Ralph (2004). All Riot on the W estern Front, V olume 3 . Last Gasp.
ISBN  978-0-86719-616-0 .
Snyder , Timothy  (2010). Bloodlands: Europe Between Hitler and Stalin . London: The Bodley
Head . ISBN  978-0-224-08141-2 .
Spring, D. W . (1986). ""The Soviet Decision for W ar against Finland, 30 November 1939"". Soviet
Studies . 38 (2): 207– 226. doi:10.1080/0966813860841 1636  (https://doi.org/10.1080%2F096
6813860841 1636) . JSTOR 151203  (https://www .jstor .org/stable/151203) . S2CID  154270850
(https://api.semanticscholar .org/CorpusID:154270850) .
Steinberg, Jonathan  (1995). ""The Third Reich Reflected: German Civil Administration in the
Occupied Soviet Union, 1941–4"". The English Historical Review . 110 (437): 620– 651.
doi:10.1093/ehr/cx.437.620  (https://doi.org/10.1093%2Fehr%2Fcx.437.620) .
JSTOR 578338  (https://www .jstor .org/stable/578338) ."
355,3,d7f03a24-a627-4fc5-abbb-bd7ac66c876e,229,"doi:10.1093/ehr/cx.437.620  (https://doi.org/10.1093%2Fehr%2Fcx.437.620) .
JSTOR 578338  (https://www .jstor .org/stable/578338) .
Steury , Donald P . (1987). ""Naval Intelligence, the Atlantic Campaign and the Sinking of the
Bismarck: A Study in the Integration of Intelligence into the Conduct of Naval W arfare"".
Journal of Contemporary History . 22 (2): 209– 233. doi:10.1177/002200948702200202  (http
s://doi.org/10.1 177%2F002200948702200202) . JSTOR 260931  (https://www .jstor .org/stable/
260931) . S2CID  159943895  (https://api.semanticscholar .org/CorpusID:159943895) .
Stueck, William (2010). ""The Korean W ar"". In Melvyn P . Leffler; Odd Arne W estad (eds.). The
Cambridge History of the Cold W ar – Origins . Vol. I. Cambridge: Cambridge University
Press . pp. 266– 287. ISBN  978-0-521-83719-4 .
Sumner , Ian; Baker , Alix (2001). The Royal Navy 1939–45 . Oxford: Osprey Publishing .
ISBN  978-1-84176-195-4 ."
356,3,d7f03a24-a627-4fc5-abbb-bd7ac66c876e,230,"Sumner , Ian; Baker , Alix (2001). The Royal Navy 1939–45 . Oxford: Osprey Publishing .
ISBN  978-1-84176-195-4 .
Swain, Bruce (2001). A Chronology of Australian Armed Forces at W ar 1939–45 . Crows Nest:
Allen & Unwin . ISBN  978-1-86508-352-0 .
Swain, Geof frey (1992). ""The Cominform: Tito's International?"". The Historical Journal . 35 (3):
641– 663. doi:10.1017/S0018246X00026017  (https://doi.org/10.1017%2FS0018246X000260
17). S2CID  163152235  (https://api.semanticscholar .org/CorpusID:163152235) .
Tanaka, Yuki (1996). Hidden Horrors: Japanese W ar Crimes in World W ar II. Boulder , Colorado:
Westview Press . ISBN  978-0-8133-2717-4 .
Taylor , A. J. P . (1961). The Origins of the Second World W ar. London: Hamish Hamilton .
——— (1979). How W ars Begin . London: Hamish Hamilton . ISBN  978-0-241-10017-2 .
Taylor , Jay (2009). The Generalissimo: Chiang Kai-shek and the Struggle for Modern China  (htt"
357,3,d7f03a24-a627-4fc5-abbb-bd7ac66c876e,231,"Taylor , Jay (2009). The Generalissimo: Chiang Kai-shek and the Struggle for Modern China  (htt
ps://archive.org/details/generalissimochi00tayl) . Cambridge, Massachusetts: Harvard
University Press . ISBN  978-0-674-03338-2 .
Thomas, Nigel; Andrew , Stephen (1998). German Army 1939–1945 (2): North Africa & Balkans .
Oxford: Osprey Publishing . ISBN  978-1-85532-640-8 .
Thompson, John Herd; Randall, Stephen J.  (2008). Canada and the United States: Ambivalent
Allies  (https://archive.org/details/canadaunitedsta00thom)  (4th ed.). Athens, Georgia:
University of Georgia Press . ISBN  978-0-8203-31 13-3.
Trachtenberg, Marc  (1999). A Constructed Peace: The Making of the European Settlement,
1945–1963 . Princeton, New Jersey: Princeton University Press . ISBN  978-0-691-00273-6 .
Tucker , Spencer C. ; Roberts, Priscilla Mary (2004). Encyclopedia of World W ar II: A Political,
Social, and Military History  (https://archive.org/details/encyclopediaofwo0000unse_p0k0) ."
358,3,d7f03a24-a627-4fc5-abbb-bd7ac66c876e,232,"Social, and Military History  (https://archive.org/details/encyclopediaofwo0000unse_p0k0) .
ABC-CIO. ISBN  978-1-57607-999-7 .
Umbreit, Hans (1991). ""The Battle for Hegemony in W estern Europe"". In P . S. Falla (ed.).
Germany and the Second World W ar – Germany's Initial Conquests in Europe . Vol. 2.
Oxford: Oxford University Press . pp. 227– 326. ISBN  978-0-19-822885-1 .
United States Army  (1986) [1953]. The German Campaigns in the Balkans (Spring 1941)  (http
s://web.archive.org/web/202201 17141003/https://history .army .mil/books/wwii/balkan/intro.ht
m). Washington, D.C.: Department of the Army . Archived from the original  (https://www .histo
ry.army .mil/books/wwii/balkan/intro.htm)  on 17 January 2022 . Retrieved 17 February  2022 .
Waltz, Susan  (2002). ""Reclaiming and Rebuilding the History of the Universal Declaration of
Human Rights"". Third World Quarterly . 23 (3): 437– 448. doi:10.1080/01436590220138378"
359,3,d7f03a24-a627-4fc5-abbb-bd7ac66c876e,233,"Human Rights"". Third World Quarterly . 23 (3): 437– 448. doi:10.1080/01436590220138378
(https://doi.org/10.1080%2F01436590220138378) . JSTOR 3993535  (https://www .jstor .org/st
able/3993535) . S2CID  145398136  (https://api.semanticscholar .org/CorpusID:145398136) .
Ward, Thomas A. (2010). Aerospace Propulsion Systems . Singapore: John Wiley & Sons .
ISBN  978-0-470-82497-9 .
Watson, William E.  (2003). Tricolor and Crescent: France and the Islamic World . Westport,
Connecticut: Praeger . ISBN  978-0-275-97470-1 .
Weinberg, Gerhard L. (1995). A World at Arms: A Global History of World W ar II. Cambridge
University Press. ISBN  0-521-55879-4 .
Weinberg, Gerhard L.  (2005). A World at Arms: A Global History of World W ar II (2nd  ed.).
Cambridge: Cambridge University Press . ISBN  978-0-521-85316-3 .; comprehensive
overview with emphasis on diplomacy
Wettig, Gerhard (2008). Stalin and the Cold W ar in Europe: The Emergence and Development"
360,3,d7f03a24-a627-4fc5-abbb-bd7ac66c876e,234,"overview with emphasis on diplomacy
Wettig, Gerhard (2008). Stalin and the Cold W ar in Europe: The Emergence and Development
of East-W est Conflict, 1939–1953 . Lanham, Maryland: Rowman & Littlefield . ISBN  978-0-
7425-5542-6 .
Wheeler , Mark (2014). ""Y ugoslavia"". In Dear , I. C. B.; Foot, M. R. D. (eds.). The Oxford
Companion to World W ar II. Oxford University Press.
doi:10.1093/acref/9780198604464.001.0001  (https://doi.org/10.1093%2Facref%2F9780198
604464.001.0001) . ISBN  978-0-19-172760-3 .
Wiest, Andrew; Barbier , M. K. (2002). Strategy and T actics: Infantry W arfare . St Paul,
Minnesota: MBI Publishing Company . ISBN  978-0-7603-1401-2 .
Williams, Andrew (2006). Liberalism and W ar: The V ictors and the V anquished . Abingdon &
New York: Routledge . ISBN  978-0-415-35980-1 .
Wilt, Alan F . (1981). ""Hitler's Late Summer Pause in 1941"". Military Affairs . 45 (4): 187– 191.
doi:10.2307/1987464  (https://doi.org/10.2307%2F1987464) . JSTOR 1987464  (https://www .j"
361,3,d7f03a24-a627-4fc5-abbb-bd7ac66c876e,235,"doi:10.2307/1987464  (https://doi.org/10.2307%2F1987464) . JSTOR 1987464  (https://www .j
stor.org/stable/1987464) .
Wohlstetter , Roberta  (1962). Pearl Harbor: W arning and Decision  (https://archive.org/details/pe
arlharborwarni0000wohl) . Palo Alto, California: Stanford University Press .
Wolf, Holger C. (1993). ""The Lucky Miracle: Germany 1945–1951"". In Rudiger Dornbusch;
Wilhelm Nölling; Richard Layard (eds.). Postwar Economic Reconstruction and Lessons for
the East T oday . Cambridge: MIT Press . pp. 29–56. ISBN  978-0-262-04136-2 .
Wood, James B. (2007). Japanese Military Strategy in the Pacific W ar: W as Defeat Inevitable? .
Lanham, Maryland: Rowman & Littlefield . ISBN  978-0-7425-5339-2 .
Yoder, Amos (1997). The Evolution of the United Nations System  (3rd ed.). London &
Washington, D.C.: Taylor & Francis . ISBN  978-1-56032-546-8 .
Zalampas, Michael (1989). Adolf Hitler and the Third Reich in American magazines, 1923–"
362,3,d7f03a24-a627-4fc5-abbb-bd7ac66c876e,236,"Zalampas, Michael (1989). Adolf Hitler and the Third Reich in American magazines, 1923–
1939 . Bowling Green University Popular Press. ISBN  978-0-87972-462-7 .
Zaloga, Steven J.  (1996). Bagration 1944: The Destruction of Army Group Centre . Oxford:
Osprey Publishing . ISBN  978-1-85532-478-7 .
——— (2002). Poland 1939: The Birth of Blitzkrieg . Oxford: Osprey Publishing . ISBN  978-1-
84176-408-5 .
Zeiler , Thomas W . (2004). Unconditional Defeat: Japan, America, and the End of World W ar II.
Wilmington, Delaware: Scholarly Resources. ISBN  978-0-8420-2991-9 .
Zetterling, Niklas; Tamelander , Michael (2009). Bismarck : The Final Days of Germany's
Greatest Battleship . Drexel Hill, Pennsylvania: Casemate . ISBN  978-1-935149-04-0 .
Buchanan, Andrew (7 February 2023). ""Globalizing the Second W orld W ar"". Past & Present
(258): 246– 281. doi:10.1093/pastj/gtab042  (https://doi.org/10.1093%2Fpastj%2Fgtab042) ."
363,3,d7f03a24-a627-4fc5-abbb-bd7ac66c876e,237,"(258): 246– 281. doi:10.1093/pastj/gtab042  (https://doi.org/10.1093%2Fpastj%2Fgtab042) .
ISSN  0031-2746  (https://search.worldcat.org/issn/0031-2746) . also see online review  (http
s://hdiplo.org/to/AR1 180) Archived  (https://web.archive.org/web/20240504072231/https://hdi
plo.org/to/AR1 180) 4 May 2024 at the Wayback Machine
Gerlach, Christian (2024). Conditions of V iolence . Walter de Gruyter GmbH & Co KG.
ISBN  978-3-1 115-6873-7 .
West Point Maps of the European W ar (https://westpoint.edu/academics/academic-departm
ents/history/world-war-two-europe) . Archived  (https://web.archive.org/web/2019032309274
1/https://westpoint.edu/academics/academic-departments/history/world-war-two-europe)  23
March 2019 at the Wayback Machine .
West Point Maps of the Asian-Pacific W ar (https://westpoint.edu/academics/academic-depar
tments/history/world-war-two-asia) . Archived  (https://web.archive.org/web/20190323092715/"
364,3,d7f03a24-a627-4fc5-abbb-bd7ac66c876e,238,"tments/history/world-war-two-asia) . Archived  (https://web.archive.org/web/20190323092715/
https://westpoint.edu/academics/academic-departments/history/world-war-two-asia)  23
March 2019 at the Wayback Machine .
Atlas of the W orld Battle Fronts  (July 1943 – August 1945)
Retrieved from ""https://en.wikipedia.org/w/index.php?title=World_War_II&oldid=1373941082""Further  reading
External links"
